[Sat Jan 23 04:53:05 EST 2016] picard.sam.AddOrReplaceReadGroups INPUT=/home/liurui/data/bamfiles/shaoxingqingkeegg/shaoxingpool27.dedup.realigned.mergesorted.uniqmap.bam OUTPUT=/home/liurui/data/bamfiles/shaoxingqingkeegg/shaoxingpool27.dedup.realigned.mergesorted.uniqmap.regroupintoone.bam RGID=shaoxing RGLB=lib1 RGPL=illumina RGPU=pool RGSM=shaoxing27    VERBOSITY=INFO QUIET=false VALIDATION_STRINGENCY=STRICT COMPRESSION_LEVEL=5 MAX_RECORDS_IN_RAM=500000 CREATE_INDEX=false CREATE_MD5_FILE=false
OpenJDK 64-Bit Server VM warning: You have loaded library /home/liurui/software/picard-tools-1.119/libIntelDeflater.so which might have disabled stack guard. The VM will try to fix the stack guard now.
It's highly recommended that you fix the library with 'execstack -c <libfile>', or link it with '-z noexecstack'.
[Sat Jan 23 04:53:05 EST 2016] Executing as liurui@localhost.localdomain on Linux 3.10.0-123.el7.x86_64 amd64; OpenJDK 64-Bit Server VM 1.7.0_51-mockbuild_2014_06_09_19_19-b00; Picard version: 1.119(d44cdb51745f5e8075c826430a39d8a61f1dd832_1408991805) IntelDeflater
WARNING: BAM index file /home/liurui/data/bamfiles/shaoxingqingkeegg/shaoxingpool27.dedup.realigned.mergesorted.uniqmap.bai is older than BAM /home/liurui/data/bamfiles/shaoxingqingkeegg/shaoxingpool27.dedup.realigned.mergesorted.uniqmap.bam
INFO	2016-01-23 04:53:06	AddOrReplaceReadGroups	Created read group ID=shaoxing PL=illumina LB=lib1 SM=shaoxing27

INFO	2016-01-23 04:53:25	AddOrReplaceReadGroups	Processed     1,000,000 records.  Elapsed time: 00:00:18s.  Time for last 1,000,000:   18s.  Last read position: KB742833.1:1,270,345
INFO	2016-01-23 04:53:43	AddOrReplaceReadGroups	Processed     2,000,000 records.  Elapsed time: 00:00:35s.  Time for last 1,000,000:   17s.  Last read position: KB742833.1:2,530,381
INFO	2016-01-23 04:54:01	AddOrReplaceReadGroups	Processed     3,000,000 records.  Elapsed time: 00:00:53s.  Time for last 1,000,000:   17s.  Last read position: KB742833.1:3,774,038
INFO	2016-01-23 04:54:18	AddOrReplaceReadGroups	Processed     4,000,000 records.  Elapsed time: 00:01:11s.  Time for last 1,000,000:   17s.  Last read position: KB742833.1:5,071,186
INFO	2016-01-23 04:54:36	AddOrReplaceReadGroups	Processed     5,000,000 records.  Elapsed time: 00:01:28s.  Time for last 1,000,000:   17s.  Last read position: KB742808.1:325,522
INFO	2016-01-23 04:54:53	AddOrReplaceReadGroups	Processed     6,000,000 records.  Elapsed time: 00:01:45s.  Time for last 1,000,000:   17s.  Last read position: KB742808.1:1,532,626
INFO	2016-01-23 04:55:11	AddOrReplaceReadGroups	Processed     7,000,000 records.  Elapsed time: 00:02:04s.  Time for last 1,000,000:   18s.  Last read position: KB742808.1:2,816,829
INFO	2016-01-23 04:55:28	AddOrReplaceReadGroups	Processed     8,000,000 records.  Elapsed time: 00:02:21s.  Time for last 1,000,000:   17s.  Last read position: KB742808.1:4,100,760
INFO	2016-01-23 04:55:46	AddOrReplaceReadGroups	Processed     9,000,000 records.  Elapsed time: 00:02:38s.  Time for last 1,000,000:   17s.  Last read position: KB742808.1:5,349,343
INFO	2016-01-23 04:56:03	AddOrReplaceReadGroups	Processed    10,000,000 records.  Elapsed time: 00:02:55s.  Time for last 1,000,000:   17s.  Last read position: KB742479.1:846,137
INFO	2016-01-23 04:56:20	AddOrReplaceReadGroups	Processed    11,000,000 records.  Elapsed time: 00:03:12s.  Time for last 1,000,000:   17s.  Last read position: KB742479.1:2,087,211
INFO	2016-01-23 04:56:37	AddOrReplaceReadGroups	Processed    12,000,000 records.  Elapsed time: 00:03:30s.  Time for last 1,000,000:   17s.  Last read position: KB742479.1:3,369,591
INFO	2016-01-23 04:56:54	AddOrReplaceReadGroups	Processed    13,000,000 records.  Elapsed time: 00:03:47s.  Time for last 1,000,000:   17s.  Last read position: KB742479.1:4,627,788
INFO	2016-01-23 04:57:11	AddOrReplaceReadGroups	Processed    14,000,000 records.  Elapsed time: 00:04:04s.  Time for last 1,000,000:   17s.  Last read position: KB742929.1:794,190
INFO	2016-01-23 04:57:29	AddOrReplaceReadGroups	Processed    15,000,000 records.  Elapsed time: 00:04:21s.  Time for last 1,000,000:   17s.  Last read position: KB742929.1:2,074,702
INFO	2016-01-23 04:57:46	AddOrReplaceReadGroups	Processed    16,000,000 records.  Elapsed time: 00:04:38s.  Time for last 1,000,000:   17s.  Last read position: KB742929.1:3,327,068
INFO	2016-01-23 04:58:03	AddOrReplaceReadGroups	Processed    17,000,000 records.  Elapsed time: 00:04:56s.  Time for last 1,000,000:   17s.  Last read position: KB742929.1:4,575,651
INFO	2016-01-23 04:58:21	AddOrReplaceReadGroups	Processed    18,000,000 records.  Elapsed time: 00:05:13s.  Time for last 1,000,000:   17s.  Last read position: KB742471.1:757,179
INFO	2016-01-23 04:58:38	AddOrReplaceReadGroups	Processed    19,000,000 records.  Elapsed time: 00:05:31s.  Time for last 1,000,000:   17s.  Last read position: KB742471.1:2,075,988
INFO	2016-01-23 04:58:55	AddOrReplaceReadGroups	Processed    20,000,000 records.  Elapsed time: 00:05:48s.  Time for last 1,000,000:   17s.  Last read position: KB742471.1:3,409,722
INFO	2016-01-23 04:59:13	AddOrReplaceReadGroups	Processed    21,000,000 records.  Elapsed time: 00:06:05s.  Time for last 1,000,000:   17s.  Last read position: KB742471.1:4,818,086
INFO	2016-01-23 04:59:30	AddOrReplaceReadGroups	Processed    22,000,000 records.  Elapsed time: 00:06:22s.  Time for last 1,000,000:   17s.  Last read position: KB742432.1:1,192,735
INFO	2016-01-23 04:59:47	AddOrReplaceReadGroups	Processed    23,000,000 records.  Elapsed time: 00:06:40s.  Time for last 1,000,000:   17s.  Last read position: KB742432.1:2,493,149
INFO	2016-01-23 05:00:05	AddOrReplaceReadGroups	Processed    24,000,000 records.  Elapsed time: 00:06:57s.  Time for last 1,000,000:   17s.  Last read position: KB742432.1:3,807,153
INFO	2016-01-23 05:00:22	AddOrReplaceReadGroups	Processed    25,000,000 records.  Elapsed time: 00:07:14s.  Time for last 1,000,000:   17s.  Last read position: KB742629.1:744,687
INFO	2016-01-23 05:00:39	AddOrReplaceReadGroups	Processed    26,000,000 records.  Elapsed time: 00:07:32s.  Time for last 1,000,000:   17s.  Last read position: KB742629.1:2,054,563
INFO	2016-01-23 05:00:57	AddOrReplaceReadGroups	Processed    27,000,000 records.  Elapsed time: 00:07:49s.  Time for last 1,000,000:   17s.  Last read position: KB742629.1:3,309,000
INFO	2016-01-23 05:01:14	AddOrReplaceReadGroups	Processed    28,000,000 records.  Elapsed time: 00:08:07s.  Time for last 1,000,000:   17s.  Last read position: KB742619.1:256,650
INFO	2016-01-23 05:01:32	AddOrReplaceReadGroups	Processed    29,000,000 records.  Elapsed time: 00:08:24s.  Time for last 1,000,000:   17s.  Last read position: KB742619.1:1,507,354
INFO	2016-01-23 05:01:49	AddOrReplaceReadGroups	Processed    30,000,000 records.  Elapsed time: 00:08:41s.  Time for last 1,000,000:   17s.  Last read position: KB742619.1:2,730,677
INFO	2016-01-23 05:02:06	AddOrReplaceReadGroups	Processed    31,000,000 records.  Elapsed time: 00:08:59s.  Time for last 1,000,000:   17s.  Last read position: KB742619.1:4,030,492
INFO	2016-01-23 05:02:24	AddOrReplaceReadGroups	Processed    32,000,000 records.  Elapsed time: 00:09:16s.  Time for last 1,000,000:   17s.  Last read position: KB742441.1:1,150,559
INFO	2016-01-23 05:02:41	AddOrReplaceReadGroups	Processed    33,000,000 records.  Elapsed time: 00:09:34s.  Time for last 1,000,000:   17s.  Last read position: KB742441.1:2,435,697
INFO	2016-01-23 05:02:58	AddOrReplaceReadGroups	Processed    34,000,000 records.  Elapsed time: 00:09:51s.  Time for last 1,000,000:   17s.  Last read position: KB742441.1:3,900,289
INFO	2016-01-23 05:03:15	AddOrReplaceReadGroups	Processed    35,000,000 records.  Elapsed time: 00:10:08s.  Time for last 1,000,000:   16s.  Last read position: KB743145.1:731,038
INFO	2016-01-23 05:03:32	AddOrReplaceReadGroups	Processed    36,000,000 records.  Elapsed time: 00:10:25s.  Time for last 1,000,000:   17s.  Last read position: KB743145.1:2,000,939
INFO	2016-01-23 05:03:50	AddOrReplaceReadGroups	Processed    37,000,000 records.  Elapsed time: 00:10:42s.  Time for last 1,000,000:   17s.  Last read position: KB743145.1:3,295,468
INFO	2016-01-23 05:04:07	AddOrReplaceReadGroups	Processed    38,000,000 records.  Elapsed time: 00:11:00s.  Time for last 1,000,000:   17s.  Last read position: KB742931.1:483,568
INFO	2016-01-23 05:04:25	AddOrReplaceReadGroups	Processed    39,000,000 records.  Elapsed time: 00:11:18s.  Time for last 1,000,000:   17s.  Last read position: KB742931.1:1,725,272
INFO	2016-01-23 05:04:43	AddOrReplaceReadGroups	Processed    40,000,000 records.  Elapsed time: 00:11:35s.  Time for last 1,000,000:   17s.  Last read position: KB742931.1:3,000,576
INFO	2016-01-23 05:05:00	AddOrReplaceReadGroups	Processed    41,000,000 records.  Elapsed time: 00:11:52s.  Time for last 1,000,000:   17s.  Last read position: KB742969.1:186,603
INFO	2016-01-23 05:05:17	AddOrReplaceReadGroups	Processed    42,000,000 records.  Elapsed time: 00:12:09s.  Time for last 1,000,000:   16s.  Last read position: KB742969.1:1,508,013
INFO	2016-01-23 05:05:34	AddOrReplaceReadGroups	Processed    43,000,000 records.  Elapsed time: 00:12:26s.  Time for last 1,000,000:   17s.  Last read position: KB742969.1:2,784,294
INFO	2016-01-23 05:05:51	AddOrReplaceReadGroups	Processed    44,000,000 records.  Elapsed time: 00:12:44s.  Time for last 1,000,000:   17s.  Last read position: KB743197.1:59,442
INFO	2016-01-23 05:06:09	AddOrReplaceReadGroups	Processed    45,000,000 records.  Elapsed time: 00:13:01s.  Time for last 1,000,000:   17s.  Last read position: KB743197.1:1,318,472
INFO	2016-01-23 05:06:26	AddOrReplaceReadGroups	Processed    46,000,000 records.  Elapsed time: 00:13:18s.  Time for last 1,000,000:   17s.  Last read position: KB743197.1:2,593,501
INFO	2016-01-23 05:06:43	AddOrReplaceReadGroups	Processed    47,000,000 records.  Elapsed time: 00:13:35s.  Time for last 1,000,000:   17s.  Last read position: KB743197.1:3,893,728
INFO	2016-01-23 05:07:00	AddOrReplaceReadGroups	Processed    48,000,000 records.  Elapsed time: 00:13:53s.  Time for last 1,000,000:   17s.  Last read position: KB742773.1:1,187,242
INFO	2016-01-23 05:07:17	AddOrReplaceReadGroups	Processed    49,000,000 records.  Elapsed time: 00:14:10s.  Time for last 1,000,000:   17s.  Last read position: KB742773.1:2,500,613
INFO	2016-01-23 05:07:35	AddOrReplaceReadGroups	Processed    50,000,000 records.  Elapsed time: 00:14:27s.  Time for last 1,000,000:   17s.  Last read position: KB742773.1:3,790,807
INFO	2016-01-23 05:07:52	AddOrReplaceReadGroups	Processed    51,000,000 records.  Elapsed time: 00:14:44s.  Time for last 1,000,000:   17s.  Last read position: KB742733.1:1,055,104
INFO	2016-01-23 05:08:09	AddOrReplaceReadGroups	Processed    52,000,000 records.  Elapsed time: 00:15:01s.  Time for last 1,000,000:   17s.  Last read position: KB742733.1:2,207,056
INFO	2016-01-23 05:08:26	AddOrReplaceReadGroups	Processed    53,000,000 records.  Elapsed time: 00:15:18s.  Time for last 1,000,000:   17s.  Last read position: KB742733.1:3,466,462
INFO	2016-01-23 05:08:43	AddOrReplaceReadGroups	Processed    54,000,000 records.  Elapsed time: 00:15:36s.  Time for last 1,000,000:   17s.  Last read position: KB742443.1:801,304
INFO	2016-01-23 05:09:00	AddOrReplaceReadGroups	Processed    55,000,000 records.  Elapsed time: 00:15:53s.  Time for last 1,000,000:   17s.  Last read position: KB742443.1:2,067,794
INFO	2016-01-23 05:09:18	AddOrReplaceReadGroups	Processed    56,000,000 records.  Elapsed time: 00:16:10s.  Time for last 1,000,000:   17s.  Last read position: KB742443.1:3,369,709
INFO	2016-01-23 05:09:35	AddOrReplaceReadGroups	Processed    57,000,000 records.  Elapsed time: 00:16:27s.  Time for last 1,000,000:   17s.  Last read position: KB742490.1:920,855
INFO	2016-01-23 05:09:52	AddOrReplaceReadGroups	Processed    58,000,000 records.  Elapsed time: 00:16:45s.  Time for last 1,000,000:   17s.  Last read position: KB742490.1:2,176,462
INFO	2016-01-23 05:10:10	AddOrReplaceReadGroups	Processed    59,000,000 records.  Elapsed time: 00:17:02s.  Time for last 1,000,000:   17s.  Last read position: KB742490.1:3,497,864
INFO	2016-01-23 05:10:27	AddOrReplaceReadGroups	Processed    60,000,000 records.  Elapsed time: 00:17:19s.  Time for last 1,000,000:   17s.  Last read position: KB743944.1:1,040,279
INFO	2016-01-23 05:10:44	AddOrReplaceReadGroups	Processed    61,000,000 records.  Elapsed time: 00:17:37s.  Time for last 1,000,000:   17s.  Last read position: KB743944.1:2,292,404
INFO	2016-01-23 05:11:02	AddOrReplaceReadGroups	Processed    62,000,000 records.  Elapsed time: 00:17:54s.  Time for last 1,000,000:   17s.  Last read position: KB743944.1:3,566,184
INFO	2016-01-23 05:11:19	AddOrReplaceReadGroups	Processed    63,000,000 records.  Elapsed time: 00:18:11s.  Time for last 1,000,000:   17s.  Last read position: KB742887.1:1,215,662
INFO	2016-01-23 05:11:36	AddOrReplaceReadGroups	Processed    64,000,000 records.  Elapsed time: 00:18:28s.  Time for last 1,000,000:   17s.  Last read position: KB742887.1:2,554,323
INFO	2016-01-23 05:11:53	AddOrReplaceReadGroups	Processed    65,000,000 records.  Elapsed time: 00:18:45s.  Time for last 1,000,000:   16s.  Last read position: KB742887.1:3,297,545
INFO	2016-01-23 05:12:10	AddOrReplaceReadGroups	Processed    66,000,000 records.  Elapsed time: 00:19:03s.  Time for last 1,000,000:   17s.  Last read position: KB742685.1:904,398
INFO	2016-01-23 05:12:28	AddOrReplaceReadGroups	Processed    67,000,000 records.  Elapsed time: 00:19:20s.  Time for last 1,000,000:   17s.  Last read position: KB742685.1:2,175,797
INFO	2016-01-23 05:12:45	AddOrReplaceReadGroups	Processed    68,000,000 records.  Elapsed time: 00:19:37s.  Time for last 1,000,000:   17s.  Last read position: KB742685.1:3,431,252
INFO	2016-01-23 05:13:02	AddOrReplaceReadGroups	Processed    69,000,000 records.  Elapsed time: 00:19:55s.  Time for last 1,000,000:   17s.  Last read position: KB742873.1:1,043,423
INFO	2016-01-23 05:13:20	AddOrReplaceReadGroups	Processed    70,000,000 records.  Elapsed time: 00:20:12s.  Time for last 1,000,000:   17s.  Last read position: KB742873.1:2,305,574
INFO	2016-01-23 05:13:37	AddOrReplaceReadGroups	Processed    71,000,000 records.  Elapsed time: 00:20:30s.  Time for last 1,000,000:   17s.  Last read position: KB742873.1:3,540,102
INFO	2016-01-23 05:13:55	AddOrReplaceReadGroups	Processed    72,000,000 records.  Elapsed time: 00:20:47s.  Time for last 1,000,000:   17s.  Last read position: KB742483.1:1,260,818
INFO	2016-01-23 05:14:12	AddOrReplaceReadGroups	Processed    73,000,000 records.  Elapsed time: 00:21:05s.  Time for last 1,000,000:   17s.  Last read position: KB742483.1:2,546,260
INFO	2016-01-23 05:14:30	AddOrReplaceReadGroups	Processed    74,000,000 records.  Elapsed time: 00:21:22s.  Time for last 1,000,000:   17s.  Last read position: KB742554.1:179,091
INFO	2016-01-23 05:14:47	AddOrReplaceReadGroups	Processed    75,000,000 records.  Elapsed time: 00:21:40s.  Time for last 1,000,000:   17s.  Last read position: KB742554.1:1,479,876
INFO	2016-01-23 05:15:05	AddOrReplaceReadGroups	Processed    76,000,000 records.  Elapsed time: 00:21:57s.  Time for last 1,000,000:   17s.  Last read position: KB742554.1:2,802,910
INFO	2016-01-23 05:15:22	AddOrReplaceReadGroups	Processed    77,000,000 records.  Elapsed time: 00:22:14s.  Time for last 1,000,000:   17s.  Last read position: KB742781.1:530,065
INFO	2016-01-23 05:15:39	AddOrReplaceReadGroups	Processed    78,000,000 records.  Elapsed time: 00:22:32s.  Time for last 1,000,000:   17s.  Last read position: KB742781.1:1,762,785
INFO	2016-01-23 05:15:57	AddOrReplaceReadGroups	Processed    79,000,000 records.  Elapsed time: 00:22:49s.  Time for last 1,000,000:   17s.  Last read position: KB742781.1:3,046,820
INFO	2016-01-23 05:16:14	AddOrReplaceReadGroups	Processed    80,000,000 records.  Elapsed time: 00:23:06s.  Time for last 1,000,000:   17s.  Last read position: KB742984.1:727,206
INFO	2016-01-23 05:16:31	AddOrReplaceReadGroups	Processed    81,000,000 records.  Elapsed time: 00:23:24s.  Time for last 1,000,000:   17s.  Last read position: KB742984.1:1,971,439
INFO	2016-01-23 05:16:49	AddOrReplaceReadGroups	Processed    82,000,000 records.  Elapsed time: 00:23:41s.  Time for last 1,000,000:   17s.  Last read position: KB742984.1:3,220,805
INFO	2016-01-23 05:17:06	AddOrReplaceReadGroups	Processed    83,000,000 records.  Elapsed time: 00:23:59s.  Time for last 1,000,000:   17s.  Last read position: KB742523.1:946,125
INFO	2016-01-23 05:17:23	AddOrReplaceReadGroups	Processed    84,000,000 records.  Elapsed time: 00:24:16s.  Time for last 1,000,000:   17s.  Last read position: KB742523.1:2,233,280
INFO	2016-01-23 05:17:41	AddOrReplaceReadGroups	Processed    85,000,000 records.  Elapsed time: 00:24:33s.  Time for last 1,000,000:   17s.  Last read position: KB742433.1:15,140
INFO	2016-01-23 05:17:58	AddOrReplaceReadGroups	Processed    86,000,000 records.  Elapsed time: 00:24:51s.  Time for last 1,000,000:   17s.  Last read position: KB742433.1:1,304,797
INFO	2016-01-23 05:18:16	AddOrReplaceReadGroups	Processed    87,000,000 records.  Elapsed time: 00:25:08s.  Time for last 1,000,000:   17s.  Last read position: KB742433.1:2,610,436
INFO	2016-01-23 05:18:33	AddOrReplaceReadGroups	Processed    88,000,000 records.  Elapsed time: 00:25:25s.  Time for last 1,000,000:   17s.  Last read position: KB743301.1:404,690
INFO	2016-01-23 05:18:51	AddOrReplaceReadGroups	Processed    89,000,000 records.  Elapsed time: 00:25:43s.  Time for last 1,000,000:   17s.  Last read position: KB743301.1:1,661,745
INFO	2016-01-23 05:19:08	AddOrReplaceReadGroups	Processed    90,000,000 records.  Elapsed time: 00:26:01s.  Time for last 1,000,000:   17s.  Last read position: KB743301.1:2,977,303
INFO	2016-01-23 05:19:26	AddOrReplaceReadGroups	Processed    91,000,000 records.  Elapsed time: 00:26:18s.  Time for last 1,000,000:   17s.  Last read position: KB742750.1:816,157
INFO	2016-01-23 05:19:43	AddOrReplaceReadGroups	Processed    92,000,000 records.  Elapsed time: 00:26:35s.  Time for last 1,000,000:   17s.  Last read position: KB742750.1:2,079,638
INFO	2016-01-23 05:20:00	AddOrReplaceReadGroups	Processed    93,000,000 records.  Elapsed time: 00:26:53s.  Time for last 1,000,000:   17s.  Last read position: KB742750.1:3,368,459
INFO	2016-01-23 05:20:19	AddOrReplaceReadGroups	Processed    94,000,000 records.  Elapsed time: 00:27:11s.  Time for last 1,000,000:   18s.  Last read position: KB743139.1:1,255,571
INFO	2016-01-23 05:20:36	AddOrReplaceReadGroups	Processed    95,000,000 records.  Elapsed time: 00:27:29s.  Time for last 1,000,000:   17s.  Last read position: KB743139.1:2,491,096
INFO	2016-01-23 05:20:53	AddOrReplaceReadGroups	Processed    96,000,000 records.  Elapsed time: 00:27:46s.  Time for last 1,000,000:   17s.  Last read position: KB742853.1:377,779
INFO	2016-01-23 05:21:11	AddOrReplaceReadGroups	Processed    97,000,000 records.  Elapsed time: 00:28:03s.  Time for last 1,000,000:   17s.  Last read position: KB742853.1:1,651,920
INFO	2016-01-23 05:21:29	AddOrReplaceReadGroups	Processed    98,000,000 records.  Elapsed time: 00:28:21s.  Time for last 1,000,000:   17s.  Last read position: KB742853.1:2,979,075
INFO	2016-01-23 05:21:46	AddOrReplaceReadGroups	Processed    99,000,000 records.  Elapsed time: 00:28:38s.  Time for last 1,000,000:   17s.  Last read position: KB743045.1:857,971
INFO	2016-01-23 05:22:03	AddOrReplaceReadGroups	Processed   100,000,000 records.  Elapsed time: 00:28:56s.  Time for last 1,000,000:   17s.  Last read position: KB743045.1:2,107,296
INFO	2016-01-23 05:22:21	AddOrReplaceReadGroups	Processed   101,000,000 records.  Elapsed time: 00:29:13s.  Time for last 1,000,000:   17s.  Last read position: KB742464.1:94,621
INFO	2016-01-23 05:22:39	AddOrReplaceReadGroups	Processed   102,000,000 records.  Elapsed time: 00:29:31s.  Time for last 1,000,000:   18s.  Last read position: KB742464.1:1,401,633
INFO	2016-01-23 05:22:57	AddOrReplaceReadGroups	Processed   103,000,000 records.  Elapsed time: 00:29:49s.  Time for last 1,000,000:   17s.  Last read position: KB742464.1:2,738,653
INFO	2016-01-23 05:23:15	AddOrReplaceReadGroups	Processed   104,000,000 records.  Elapsed time: 00:30:07s.  Time for last 1,000,000:   17s.  Last read position: KB742424.1:898,954
INFO	2016-01-23 05:23:32	AddOrReplaceReadGroups	Processed   105,000,000 records.  Elapsed time: 00:30:24s.  Time for last 1,000,000:   17s.  Last read position: KB742424.1:2,251,590
INFO	2016-01-23 05:23:50	AddOrReplaceReadGroups	Processed   106,000,000 records.  Elapsed time: 00:30:42s.  Time for last 1,000,000:   17s.  Last read position: KB742418.1:439,569
INFO	2016-01-23 05:24:07	AddOrReplaceReadGroups	Processed   107,000,000 records.  Elapsed time: 00:31:00s.  Time for last 1,000,000:   17s.  Last read position: KB742418.1:1,729,353
INFO	2016-01-23 05:24:25	AddOrReplaceReadGroups	Processed   108,000,000 records.  Elapsed time: 00:31:17s.  Time for last 1,000,000:   17s.  Last read position: KB742418.1:3,001,594
INFO	2016-01-23 05:24:43	AddOrReplaceReadGroups	Processed   109,000,000 records.  Elapsed time: 00:31:35s.  Time for last 1,000,000:   17s.  Last read position: KB742513.1:1,156,369
INFO	2016-01-23 05:25:00	AddOrReplaceReadGroups	Processed   110,000,000 records.  Elapsed time: 00:31:53s.  Time for last 1,000,000:   17s.  Last read position: KB742513.1:2,452,076
INFO	2016-01-23 05:25:18	AddOrReplaceReadGroups	Processed   111,000,000 records.  Elapsed time: 00:32:11s.  Time for last 1,000,000:   17s.  Last read position: KB743275.1:634,607
INFO	2016-01-23 05:25:36	AddOrReplaceReadGroups	Processed   112,000,000 records.  Elapsed time: 00:32:28s.  Time for last 1,000,000:   17s.  Last read position: KB743275.1:1,896,823
INFO	2016-01-23 05:25:53	AddOrReplaceReadGroups	Processed   113,000,000 records.  Elapsed time: 00:32:46s.  Time for last 1,000,000:   17s.  Last read position: KB742580.1:118,564
INFO	2016-01-23 05:26:11	AddOrReplaceReadGroups	Processed   114,000,000 records.  Elapsed time: 00:33:03s.  Time for last 1,000,000:   17s.  Last read position: KB742580.1:1,397,212
INFO	2016-01-23 05:26:29	AddOrReplaceReadGroups	Processed   115,000,000 records.  Elapsed time: 00:33:21s.  Time for last 1,000,000:   17s.  Last read position: KB742580.1:2,718,080
INFO	2016-01-23 05:26:46	AddOrReplaceReadGroups	Processed   116,000,000 records.  Elapsed time: 00:33:39s.  Time for last 1,000,000:   17s.  Last read position: KB743040.1:1,029,808
INFO	2016-01-23 05:27:04	AddOrReplaceReadGroups	Processed   117,000,000 records.  Elapsed time: 00:33:56s.  Time for last 1,000,000:   17s.  Last read position: KB743040.1:2,290,872
INFO	2016-01-23 05:27:22	AddOrReplaceReadGroups	Processed   118,000,000 records.  Elapsed time: 00:34:14s.  Time for last 1,000,000:   17s.  Last read position: KB742404.1:669,260
INFO	2016-01-23 05:27:39	AddOrReplaceReadGroups	Processed   119,000,000 records.  Elapsed time: 00:34:32s.  Time for last 1,000,000:   17s.  Last read position: KB742404.1:2,045,822
INFO	2016-01-23 05:27:58	AddOrReplaceReadGroups	Processed   120,000,000 records.  Elapsed time: 00:34:50s.  Time for last 1,000,000:   18s.  Last read position: KB743158.1:496,680
INFO	2016-01-23 05:28:15	AddOrReplaceReadGroups	Processed   121,000,000 records.  Elapsed time: 00:35:08s.  Time for last 1,000,000:   17s.  Last read position: KB743158.1:1,761,472
INFO	2016-01-23 05:28:32	AddOrReplaceReadGroups	Processed   122,000,000 records.  Elapsed time: 00:35:25s.  Time for last 1,000,000:   17s.  Last read position: KB743435.1:128,966
INFO	2016-01-23 05:28:50	AddOrReplaceReadGroups	Processed   123,000,000 records.  Elapsed time: 00:35:42s.  Time for last 1,000,000:   17s.  Last read position: KB743435.1:1,439,298
INFO	2016-01-23 05:29:07	AddOrReplaceReadGroups	Processed   124,000,000 records.  Elapsed time: 00:35:59s.  Time for last 1,000,000:   17s.  Last read position: KB743435.1:2,724,998
INFO	2016-01-23 05:29:24	AddOrReplaceReadGroups	Processed   125,000,000 records.  Elapsed time: 00:36:16s.  Time for last 1,000,000:   17s.  Last read position: KB743005.1:1,109,654
INFO	2016-01-23 05:29:41	AddOrReplaceReadGroups	Processed   126,000,000 records.  Elapsed time: 00:36:34s.  Time for last 1,000,000:   17s.  Last read position: KB743005.1:2,349,579
INFO	2016-01-23 05:29:59	AddOrReplaceReadGroups	Processed   127,000,000 records.  Elapsed time: 00:36:51s.  Time for last 1,000,000:   17s.  Last read position: KB742594.1:819,015
INFO	2016-01-23 05:30:16	AddOrReplaceReadGroups	Processed   128,000,000 records.  Elapsed time: 00:37:09s.  Time for last 1,000,000:   17s.  Last read position: KB742594.1:2,220,409
INFO	2016-01-23 05:30:34	AddOrReplaceReadGroups	Processed   129,000,000 records.  Elapsed time: 00:37:26s.  Time for last 1,000,000:   17s.  Last read position: KB742439.1:967,647
INFO	2016-01-23 05:30:51	AddOrReplaceReadGroups	Processed   130,000,000 records.  Elapsed time: 00:37:44s.  Time for last 1,000,000:   17s.  Last read position: KB742439.1:2,310,547
INFO	2016-01-23 05:31:09	AddOrReplaceReadGroups	Processed   131,000,000 records.  Elapsed time: 00:38:01s.  Time for last 1,000,000:   17s.  Last read position: KB742764.1:921,201
INFO	2016-01-23 05:31:26	AddOrReplaceReadGroups	Processed   132,000,000 records.  Elapsed time: 00:38:18s.  Time for last 1,000,000:   17s.  Last read position: KB742764.1:2,243,967
INFO	2016-01-23 05:31:44	AddOrReplaceReadGroups	Processed   133,000,000 records.  Elapsed time: 00:38:36s.  Time for last 1,000,000:   17s.  Last read position: KB743644.1:862,905
INFO	2016-01-23 05:32:01	AddOrReplaceReadGroups	Processed   134,000,000 records.  Elapsed time: 00:38:54s.  Time for last 1,000,000:   17s.  Last read position: KB743644.1:2,124,060
INFO	2016-01-23 05:32:19	AddOrReplaceReadGroups	Processed   135,000,000 records.  Elapsed time: 00:39:11s.  Time for last 1,000,000:   17s.  Last read position: KB742539.1:772,897
INFO	2016-01-23 05:32:36	AddOrReplaceReadGroups	Processed   136,000,000 records.  Elapsed time: 00:39:28s.  Time for last 1,000,000:   17s.  Last read position: KB742539.1:2,138,551
INFO	2016-01-23 05:32:54	AddOrReplaceReadGroups	Processed   137,000,000 records.  Elapsed time: 00:39:46s.  Time for last 1,000,000:   17s.  Last read position: KB743317.1:766,267
INFO	2016-01-23 05:33:11	AddOrReplaceReadGroups	Processed   138,000,000 records.  Elapsed time: 00:40:04s.  Time for last 1,000,000:   17s.  Last read position: KB743317.1:2,056,305
INFO	2016-01-23 05:33:29	AddOrReplaceReadGroups	Processed   139,000,000 records.  Elapsed time: 00:40:21s.  Time for last 1,000,000:   17s.  Last read position: KB743260.1:721,243
INFO	2016-01-23 05:33:47	AddOrReplaceReadGroups	Processed   140,000,000 records.  Elapsed time: 00:40:39s.  Time for last 1,000,000:   17s.  Last read position: KB743260.1:2,047,002
INFO	2016-01-23 05:34:04	AddOrReplaceReadGroups	Processed   141,000,000 records.  Elapsed time: 00:40:57s.  Time for last 1,000,000:   17s.  Last read position: KB743686.1:733,123
INFO	2016-01-23 05:34:22	AddOrReplaceReadGroups	Processed   142,000,000 records.  Elapsed time: 00:41:15s.  Time for last 1,000,000:   17s.  Last read position: KB743686.1:2,041,792
INFO	2016-01-23 05:34:40	AddOrReplaceReadGroups	Processed   143,000,000 records.  Elapsed time: 00:41:32s.  Time for last 1,000,000:   17s.  Last read position: KB742801.1:688,078
INFO	2016-01-23 05:34:57	AddOrReplaceReadGroups	Processed   144,000,000 records.  Elapsed time: 00:41:50s.  Time for last 1,000,000:   17s.  Last read position: KB742801.1:1,964,244
INFO	2016-01-23 05:35:15	AddOrReplaceReadGroups	Processed   145,000,000 records.  Elapsed time: 00:42:07s.  Time for last 1,000,000:   17s.  Last read position: KB742459.1:611,019
INFO	2016-01-23 05:35:32	AddOrReplaceReadGroups	Processed   146,000,000 records.  Elapsed time: 00:42:24s.  Time for last 1,000,000:   17s.  Last read position: KB742459.1:1,905,741
INFO	2016-01-23 05:35:49	AddOrReplaceReadGroups	Processed   147,000,000 records.  Elapsed time: 00:42:42s.  Time for last 1,000,000:   17s.  Last read position: KB742659.1:622,342
INFO	2016-01-23 05:36:07	AddOrReplaceReadGroups	Processed   148,000,000 records.  Elapsed time: 00:42:59s.  Time for last 1,000,000:   17s.  Last read position: KB742659.1:1,976,176
INFO	2016-01-23 05:36:24	AddOrReplaceReadGroups	Processed   149,000,000 records.  Elapsed time: 00:43:16s.  Time for last 1,000,000:   16s.  Last read position: KB743323.1:247,798
INFO	2016-01-23 05:36:41	AddOrReplaceReadGroups	Processed   150,000,000 records.  Elapsed time: 00:43:34s.  Time for last 1,000,000:   17s.  Last read position: KB743323.1:1,563,745
INFO	2016-01-23 05:36:59	AddOrReplaceReadGroups	Processed   151,000,000 records.  Elapsed time: 00:43:51s.  Time for last 1,000,000:   17s.  Last read position: KB744306.1:292,290
INFO	2016-01-23 05:37:16	AddOrReplaceReadGroups	Processed   152,000,000 records.  Elapsed time: 00:44:08s.  Time for last 1,000,000:   17s.  Last read position: KB744306.1:1,518,804
INFO	2016-01-23 05:37:33	AddOrReplaceReadGroups	Processed   153,000,000 records.  Elapsed time: 00:44:26s.  Time for last 1,000,000:   17s.  Last read position: KB742622.1:271,439
INFO	2016-01-23 05:37:51	AddOrReplaceReadGroups	Processed   154,000,000 records.  Elapsed time: 00:44:43s.  Time for last 1,000,000:   17s.  Last read position: KB742622.1:1,556,383
INFO	2016-01-23 05:38:08	AddOrReplaceReadGroups	Processed   155,000,000 records.  Elapsed time: 00:45:01s.  Time for last 1,000,000:   17s.  Last read position: KB742527.1:370,290
INFO	2016-01-23 05:38:26	AddOrReplaceReadGroups	Processed   156,000,000 records.  Elapsed time: 00:45:19s.  Time for last 1,000,000:   17s.  Last read position: KB742527.1:1,662,228
INFO	2016-01-23 05:38:44	AddOrReplaceReadGroups	Processed   157,000,000 records.  Elapsed time: 00:45:36s.  Time for last 1,000,000:   17s.  Last read position: KB743520.1:423,192
INFO	2016-01-23 05:39:01	AddOrReplaceReadGroups	Processed   158,000,000 records.  Elapsed time: 00:45:54s.  Time for last 1,000,000:   17s.  Last read position: KB743520.1:1,735,375
INFO	2016-01-23 05:39:19	AddOrReplaceReadGroups	Processed   159,000,000 records.  Elapsed time: 00:46:11s.  Time for last 1,000,000:   17s.  Last read position: KB743176.1:533,081
INFO	2016-01-23 05:39:37	AddOrReplaceReadGroups	Processed   160,000,000 records.  Elapsed time: 00:46:29s.  Time for last 1,000,000:   17s.  Last read position: KB743176.1:1,794,285
INFO	2016-01-23 05:39:54	AddOrReplaceReadGroups	Processed   161,000,000 records.  Elapsed time: 00:46:47s.  Time for last 1,000,000:   17s.  Last read position: KB744088.1:598,878
INFO	2016-01-23 05:40:12	AddOrReplaceReadGroups	Processed   162,000,000 records.  Elapsed time: 00:47:04s.  Time for last 1,000,000:   17s.  Last read position: KB744088.1:1,858,219
INFO	2016-01-23 05:40:30	AddOrReplaceReadGroups	Processed   163,000,000 records.  Elapsed time: 00:47:22s.  Time for last 1,000,000:   17s.  Last read position: KB742571.1:658,062
INFO	2016-01-23 05:40:47	AddOrReplaceReadGroups	Processed   164,000,000 records.  Elapsed time: 00:47:40s.  Time for last 1,000,000:   17s.  Last read position: KB742571.1:1,945,851
INFO	2016-01-23 05:41:05	AddOrReplaceReadGroups	Processed   165,000,000 records.  Elapsed time: 00:47:57s.  Time for last 1,000,000:   17s.  Last read position: KB743111.1:774,749
INFO	2016-01-23 05:41:22	AddOrReplaceReadGroups	Processed   166,000,000 records.  Elapsed time: 00:48:15s.  Time for last 1,000,000:   17s.  Last read position: KB743111.1:2,042,461
INFO	2016-01-23 05:41:40	AddOrReplaceReadGroups	Processed   167,000,000 records.  Elapsed time: 00:48:32s.  Time for last 1,000,000:   17s.  Last read position: KB743252.1:905,088
INFO	2016-01-23 05:41:58	AddOrReplaceReadGroups	Processed   168,000,000 records.  Elapsed time: 00:48:50s.  Time for last 1,000,000:   17s.  Last read position: KB743252.1:2,242,709
INFO	2016-01-23 05:42:15	AddOrReplaceReadGroups	Processed   169,000,000 records.  Elapsed time: 00:49:07s.  Time for last 1,000,000:   17s.  Last read position: KB742515.1:1,116,435
INFO	2016-01-23 05:42:33	AddOrReplaceReadGroups	Processed   170,000,000 records.  Elapsed time: 00:49:25s.  Time for last 1,000,000:   17s.  Last read position: KB742515.1:2,415,628
INFO	2016-01-23 05:42:50	AddOrReplaceReadGroups	Processed   171,000,000 records.  Elapsed time: 00:49:43s.  Time for last 1,000,000:   17s.  Last read position: KB742714.1:1,252,769
INFO	2016-01-23 05:43:08	AddOrReplaceReadGroups	Processed   172,000,000 records.  Elapsed time: 00:50:00s.  Time for last 1,000,000:   17s.  Last read position: KB743204.1:134,325
INFO	2016-01-23 05:43:25	AddOrReplaceReadGroups	Processed   173,000,000 records.  Elapsed time: 00:50:18s.  Time for last 1,000,000:   17s.  Last read position: KB743204.1:1,484,394
INFO	2016-01-23 05:43:43	AddOrReplaceReadGroups	Processed   174,000,000 records.  Elapsed time: 00:50:35s.  Time for last 1,000,000:   17s.  Last read position: KB742957.1:364,681
INFO	2016-01-23 05:44:00	AddOrReplaceReadGroups	Processed   175,000,000 records.  Elapsed time: 00:50:53s.  Time for last 1,000,000:   17s.  Last read position: KB742957.1:1,658,603
INFO	2016-01-23 05:44:18	AddOrReplaceReadGroups	Processed   176,000,000 records.  Elapsed time: 00:51:10s.  Time for last 1,000,000:   17s.  Last read position: KB743291.1:546,874
INFO	2016-01-23 05:44:35	AddOrReplaceReadGroups	Processed   177,000,000 records.  Elapsed time: 00:51:28s.  Time for last 1,000,000:   17s.  Last read position: KB743291.1:1,838,863
INFO	2016-01-23 05:44:53	AddOrReplaceReadGroups	Processed   178,000,000 records.  Elapsed time: 00:51:45s.  Time for last 1,000,000:   17s.  Last read position: KB743351.1:734,086
INFO	2016-01-23 05:45:10	AddOrReplaceReadGroups	Processed   179,000,000 records.  Elapsed time: 00:52:03s.  Time for last 1,000,000:   17s.  Last read position: KB743351.1:2,132,636
INFO	2016-01-23 05:45:28	AddOrReplaceReadGroups	Processed   180,000,000 records.  Elapsed time: 00:52:20s.  Time for last 1,000,000:   17s.  Last read position: KB742966.1:1,126,930
INFO	2016-01-23 05:45:46	AddOrReplaceReadGroups	Processed   181,000,000 records.  Elapsed time: 00:52:38s.  Time for last 1,000,000:   17s.  Last read position: KB742611.1:68,516
INFO	2016-01-23 05:46:03	AddOrReplaceReadGroups	Processed   182,000,000 records.  Elapsed time: 00:52:55s.  Time for last 1,000,000:   17s.  Last read position: KB742611.1:1,372,941
INFO	2016-01-23 05:46:21	AddOrReplaceReadGroups	Processed   183,000,000 records.  Elapsed time: 00:53:13s.  Time for last 1,000,000:   17s.  Last read position: KB742605.1:421,552
INFO	2016-01-23 05:46:38	AddOrReplaceReadGroups	Processed   184,000,000 records.  Elapsed time: 00:53:31s.  Time for last 1,000,000:   17s.  Last read position: KB742605.1:1,720,806
INFO	2016-01-23 05:46:56	AddOrReplaceReadGroups	Processed   185,000,000 records.  Elapsed time: 00:53:48s.  Time for last 1,000,000:   17s.  Last read position: KB743609.1:728,458
INFO	2016-01-23 05:47:14	AddOrReplaceReadGroups	Processed   186,000,000 records.  Elapsed time: 00:54:06s.  Time for last 1,000,000:   17s.  Last read position: KB743609.1:2,045,619
INFO	2016-01-23 05:47:32	AddOrReplaceReadGroups	Processed   187,000,000 records.  Elapsed time: 00:54:24s.  Time for last 1,000,000:   17s.  Last read position: KB742524.1:1,070,661
INFO	2016-01-23 05:47:49	AddOrReplaceReadGroups	Processed   188,000,000 records.  Elapsed time: 00:54:42s.  Time for last 1,000,000:   17s.  Last read position: KB743257.1:108,821
INFO	2016-01-23 05:48:07	AddOrReplaceReadGroups	Processed   189,000,000 records.  Elapsed time: 00:54:59s.  Time for last 1,000,000:   17s.  Last read position: KB743257.1:1,350,767
INFO	2016-01-23 05:48:24	AddOrReplaceReadGroups	Processed   190,000,000 records.  Elapsed time: 00:55:17s.  Time for last 1,000,000:   17s.  Last read position: KB742497.1:408,368
INFO	2016-01-23 05:48:42	AddOrReplaceReadGroups	Processed   191,000,000 records.  Elapsed time: 00:55:34s.  Time for last 1,000,000:   17s.  Last read position: KB742497.1:1,670,628
INFO	2016-01-23 05:48:59	AddOrReplaceReadGroups	Processed   192,000,000 records.  Elapsed time: 00:55:52s.  Time for last 1,000,000:   17s.  Last read position: KB742907.1:771,972
INFO	2016-01-23 05:49:18	AddOrReplaceReadGroups	Processed   193,000,000 records.  Elapsed time: 00:56:10s.  Time for last 1,000,000:   18s.  Last read position: KB742907.1:2,109,775
INFO	2016-01-23 05:49:35	AddOrReplaceReadGroups	Processed   194,000,000 records.  Elapsed time: 00:56:27s.  Time for last 1,000,000:   17s.  Last read position: KB742567.1:1,320,452
INFO	2016-01-23 05:49:52	AddOrReplaceReadGroups	Processed   195,000,000 records.  Elapsed time: 00:56:45s.  Time for last 1,000,000:   17s.  Last read position: KB742466.1:479,685
INFO	2016-01-23 05:50:10	AddOrReplaceReadGroups	Processed   196,000,000 records.  Elapsed time: 00:57:02s.  Time for last 1,000,000:   17s.  Last read position: KB742466.1:1,810,477
INFO	2016-01-23 05:50:28	AddOrReplaceReadGroups	Processed   197,000,000 records.  Elapsed time: 00:57:20s.  Time for last 1,000,000:   17s.  Last read position: KB743226.1:971,728
INFO	2016-01-23 05:50:45	AddOrReplaceReadGroups	Processed   198,000,000 records.  Elapsed time: 00:57:38s.  Time for last 1,000,000:   17s.  Last read position: KB743670.1:82,545
INFO	2016-01-23 05:51:03	AddOrReplaceReadGroups	Processed   199,000,000 records.  Elapsed time: 00:57:55s.  Time for last 1,000,000:   17s.  Last read position: KB743670.1:1,353,522
INFO	2016-01-23 05:51:20	AddOrReplaceReadGroups	Processed   200,000,000 records.  Elapsed time: 00:58:13s.  Time for last 1,000,000:   17s.  Last read position: KB744195.1:497,196
INFO	2016-01-23 05:51:38	AddOrReplaceReadGroups	Processed   201,000,000 records.  Elapsed time: 00:58:30s.  Time for last 1,000,000:   17s.  Last read position: KB744195.1:1,787,596
INFO	2016-01-23 05:51:55	AddOrReplaceReadGroups	Processed   202,000,000 records.  Elapsed time: 00:58:47s.  Time for last 1,000,000:   17s.  Last read position: KB742810.1:949,809
INFO	2016-01-23 05:52:13	AddOrReplaceReadGroups	Processed   203,000,000 records.  Elapsed time: 00:59:05s.  Time for last 1,000,000:   17s.  Last read position: KB742711.1:86,486
INFO	2016-01-23 05:52:30	AddOrReplaceReadGroups	Processed   204,000,000 records.  Elapsed time: 00:59:23s.  Time for last 1,000,000:   17s.  Last read position: KB742711.1:1,372,535
INFO	2016-01-23 05:52:48	AddOrReplaceReadGroups	Processed   205,000,000 records.  Elapsed time: 00:59:41s.  Time for last 1,000,000:   17s.  Last read position: KB743412.1:555,165
INFO	2016-01-23 05:53:06	AddOrReplaceReadGroups	Processed   206,000,000 records.  Elapsed time: 00:59:58s.  Time for last 1,000,000:   17s.  Last read position: KB743412.1:1,870,244
INFO	2016-01-23 05:53:24	AddOrReplaceReadGroups	Processed   207,000,000 records.  Elapsed time: 01:00:17s.  Time for last 1,000,000:   18s.  Last read position: KB742651.1:1,111,724
INFO	2016-01-23 05:53:42	AddOrReplaceReadGroups	Processed   208,000,000 records.  Elapsed time: 01:00:34s.  Time for last 1,000,000:   17s.  Last read position: KB742481.1:334,645
INFO	2016-01-23 05:53:59	AddOrReplaceReadGroups	Processed   209,000,000 records.  Elapsed time: 01:00:52s.  Time for last 1,000,000:   17s.  Last read position: KB742481.1:1,618,924
INFO	2016-01-23 05:54:17	AddOrReplaceReadGroups	Processed   210,000,000 records.  Elapsed time: 01:01:09s.  Time for last 1,000,000:   17s.  Last read position: KB742592.1:824,434
INFO	2016-01-23 05:54:34	AddOrReplaceReadGroups	Processed   211,000,000 records.  Elapsed time: 01:01:26s.  Time for last 1,000,000:   17s.  Last read position: KB742655.1:2,253
INFO	2016-01-23 05:54:51	AddOrReplaceReadGroups	Processed   212,000,000 records.  Elapsed time: 01:01:44s.  Time for last 1,000,000:   17s.  Last read position: KB742655.1:1,289,863
INFO	2016-01-23 05:55:09	AddOrReplaceReadGroups	Processed   213,000,000 records.  Elapsed time: 01:02:01s.  Time for last 1,000,000:   17s.  Last read position: KB742627.1:472,536
INFO	2016-01-23 05:55:26	AddOrReplaceReadGroups	Processed   214,000,000 records.  Elapsed time: 01:02:19s.  Time for last 1,000,000:   17s.  Last read position: KB742627.1:1,785,357
INFO	2016-01-23 05:55:44	AddOrReplaceReadGroups	Processed   215,000,000 records.  Elapsed time: 01:02:36s.  Time for last 1,000,000:   17s.  Last read position: KB742690.1:1,007,846
INFO	2016-01-23 05:56:01	AddOrReplaceReadGroups	Processed   216,000,000 records.  Elapsed time: 01:02:53s.  Time for last 1,000,000:   17s.  Last read position: KB742912.1:259,788
INFO	2016-01-23 05:56:19	AddOrReplaceReadGroups	Processed   217,000,000 records.  Elapsed time: 01:03:11s.  Time for last 1,000,000:   17s.  Last read position: KB742912.1:1,584,487
INFO	2016-01-23 05:56:36	AddOrReplaceReadGroups	Processed   218,000,000 records.  Elapsed time: 01:03:29s.  Time for last 1,000,000:   17s.  Last read position: KB742992.1:801,576
INFO	2016-01-23 05:56:54	AddOrReplaceReadGroups	Processed   219,000,000 records.  Elapsed time: 01:03:46s.  Time for last 1,000,000:   17s.  Last read position: KB742992.1:2,075,355
INFO	2016-01-23 05:57:11	AddOrReplaceReadGroups	Processed   220,000,000 records.  Elapsed time: 01:04:04s.  Time for last 1,000,000:   17s.  Last read position: KB743590.1:1,344,270
INFO	2016-01-23 05:57:29	AddOrReplaceReadGroups	Processed   221,000,000 records.  Elapsed time: 01:04:21s.  Time for last 1,000,000:   17s.  Last read position: KB743021.1:567,662
INFO	2016-01-23 05:57:47	AddOrReplaceReadGroups	Processed   222,000,000 records.  Elapsed time: 01:04:39s.  Time for last 1,000,000:   17s.  Last read position: KB743021.1:1,864,115
INFO	2016-01-23 05:58:04	AddOrReplaceReadGroups	Processed   223,000,000 records.  Elapsed time: 01:04:57s.  Time for last 1,000,000:   17s.  Last read position: KB742668.1:1,081,554
INFO	2016-01-23 05:58:22	AddOrReplaceReadGroups	Processed   224,000,000 records.  Elapsed time: 01:05:14s.  Time for last 1,000,000:   17s.  Last read position: KB742559.1:314,590
INFO	2016-01-23 05:58:39	AddOrReplaceReadGroups	Processed   225,000,000 records.  Elapsed time: 01:05:32s.  Time for last 1,000,000:   17s.  Last read position: KB742559.1:1,702,011
INFO	2016-01-23 05:58:57	AddOrReplaceReadGroups	Processed   226,000,000 records.  Elapsed time: 01:05:49s.  Time for last 1,000,000:   17s.  Last read position: KB743100.1:955,816
INFO	2016-01-23 05:59:15	AddOrReplaceReadGroups	Processed   227,000,000 records.  Elapsed time: 01:06:07s.  Time for last 1,000,000:   17s.  Last read position: KB742549.1:218,388
INFO	2016-01-23 05:59:32	AddOrReplaceReadGroups	Processed   228,000,000 records.  Elapsed time: 01:06:25s.  Time for last 1,000,000:   17s.  Last read position: KB742549.1:1,481,557
INFO	2016-01-23 05:59:50	AddOrReplaceReadGroups	Processed   229,000,000 records.  Elapsed time: 01:06:42s.  Time for last 1,000,000:   17s.  Last read position: KB742943.1:780,349
INFO	2016-01-23 06:00:08	AddOrReplaceReadGroups	Processed   230,000,000 records.  Elapsed time: 01:07:00s.  Time for last 1,000,000:   17s.  Last read position: KB742388.1:18,093
INFO	2016-01-23 06:00:25	AddOrReplaceReadGroups	Processed   231,000,000 records.  Elapsed time: 01:07:18s.  Time for last 1,000,000:   17s.  Last read position: KB742388.1:1,315,652
INFO	2016-01-23 06:00:43	AddOrReplaceReadGroups	Processed   232,000,000 records.  Elapsed time: 01:07:35s.  Time for last 1,000,000:   17s.  Last read position: KB742845.1:601,603
INFO	2016-01-23 06:01:00	AddOrReplaceReadGroups	Processed   233,000,000 records.  Elapsed time: 01:07:53s.  Time for last 1,000,000:   17s.  Last read position: KB742845.1:1,878,172
INFO	2016-01-23 06:01:18	AddOrReplaceReadGroups	Processed   234,000,000 records.  Elapsed time: 01:08:10s.  Time for last 1,000,000:   17s.  Last read position: KB743402.1:1,144,997
INFO	2016-01-23 06:01:35	AddOrReplaceReadGroups	Processed   235,000,000 records.  Elapsed time: 01:08:28s.  Time for last 1,000,000:   17s.  Last read position: KB742485.1:411,553
INFO	2016-01-23 06:01:53	AddOrReplaceReadGroups	Processed   236,000,000 records.  Elapsed time: 01:08:45s.  Time for last 1,000,000:   17s.  Last read position: KB742485.1:1,707,080
INFO	2016-01-23 06:02:10	AddOrReplaceReadGroups	Processed   237,000,000 records.  Elapsed time: 01:09:03s.  Time for last 1,000,000:   17s.  Last read position: KB742435.1:1,025,319
INFO	2016-01-23 06:02:28	AddOrReplaceReadGroups	Processed   238,000,000 records.  Elapsed time: 01:09:20s.  Time for last 1,000,000:   17s.  Last read position: KB742448.1:281,353
INFO	2016-01-23 06:02:45	AddOrReplaceReadGroups	Processed   239,000,000 records.  Elapsed time: 01:09:37s.  Time for last 1,000,000:   17s.  Last read position: KB742448.1:1,590,783
INFO	2016-01-23 06:03:02	AddOrReplaceReadGroups	Processed   240,000,000 records.  Elapsed time: 01:09:55s.  Time for last 1,000,000:   17s.  Last read position: KB742836.1:917,239
INFO	2016-01-23 06:03:20	AddOrReplaceReadGroups	Processed   241,000,000 records.  Elapsed time: 01:10:12s.  Time for last 1,000,000:   17s.  Last read position: KB743110.1:305,721
INFO	2016-01-23 06:03:37	AddOrReplaceReadGroups	Processed   242,000,000 records.  Elapsed time: 01:10:29s.  Time for last 1,000,000:   17s.  Last read position: KB743110.1:1,587,173
INFO	2016-01-23 06:03:55	AddOrReplaceReadGroups	Processed   243,000,000 records.  Elapsed time: 01:10:47s.  Time for last 1,000,000:   17s.  Last read position: KB742744.1:939,784
INFO	2016-01-23 06:04:12	AddOrReplaceReadGroups	Processed   244,000,000 records.  Elapsed time: 01:11:04s.  Time for last 1,000,000:   17s.  Last read position: KB743106.1:338,765
INFO	2016-01-23 06:04:30	AddOrReplaceReadGroups	Processed   245,000,000 records.  Elapsed time: 01:11:22s.  Time for last 1,000,000:   17s.  Last read position: KB743106.1:1,680,670
INFO	2016-01-23 06:04:47	AddOrReplaceReadGroups	Processed   246,000,000 records.  Elapsed time: 01:11:40s.  Time for last 1,000,000:   17s.  Last read position: KB742617.1:1,038,476
INFO	2016-01-23 06:05:04	AddOrReplaceReadGroups	Processed   247,000,000 records.  Elapsed time: 01:11:57s.  Time for last 1,000,000:   17s.  Last read position: KB743058.1:442,507
INFO	2016-01-23 06:05:22	AddOrReplaceReadGroups	Processed   248,000,000 records.  Elapsed time: 01:12:14s.  Time for last 1,000,000:   17s.  Last read position: KB743058.1:1,770,922
INFO	2016-01-23 06:05:39	AddOrReplaceReadGroups	Processed   249,000,000 records.  Elapsed time: 01:12:32s.  Time for last 1,000,000:   17s.  Last read position: KB742484.1:1,221,620
INFO	2016-01-23 06:05:57	AddOrReplaceReadGroups	Processed   250,000,000 records.  Elapsed time: 01:12:49s.  Time for last 1,000,000:   17s.  Last read position: KB742451.1:652,757
INFO	2016-01-23 06:06:14	AddOrReplaceReadGroups	Processed   251,000,000 records.  Elapsed time: 01:13:07s.  Time for last 1,000,000:   17s.  Last read position: KB742473.1:30,542
INFO	2016-01-23 06:06:32	AddOrReplaceReadGroups	Processed   252,000,000 records.  Elapsed time: 01:13:24s.  Time for last 1,000,000:   17s.  Last read position: KB742473.1:1,276,229
INFO	2016-01-23 06:06:49	AddOrReplaceReadGroups	Processed   253,000,000 records.  Elapsed time: 01:13:42s.  Time for last 1,000,000:   17s.  Last read position: KB742940.1:690,933
INFO	2016-01-23 06:07:07	AddOrReplaceReadGroups	Processed   254,000,000 records.  Elapsed time: 01:13:59s.  Time for last 1,000,000:   17s.  Last read position: KB742522.1:206,156
INFO	2016-01-23 06:07:25	AddOrReplaceReadGroups	Processed   255,000,000 records.  Elapsed time: 01:14:17s.  Time for last 1,000,000:   17s.  Last read position: KB742522.1:1,518,972
INFO	2016-01-23 06:07:42	AddOrReplaceReadGroups	Processed   256,000,000 records.  Elapsed time: 01:14:35s.  Time for last 1,000,000:   17s.  Last read position: KB742701.1:966,847
INFO	2016-01-23 06:08:00	AddOrReplaceReadGroups	Processed   257,000,000 records.  Elapsed time: 01:14:52s.  Time for last 1,000,000:   17s.  Last read position: KB742797.1:464,943
INFO	2016-01-23 06:08:18	AddOrReplaceReadGroups	Processed   258,000,000 records.  Elapsed time: 01:15:10s.  Time for last 1,000,000:   17s.  Last read position: KB742797.1:1,813,765
INFO	2016-01-23 06:08:35	AddOrReplaceReadGroups	Processed   259,000,000 records.  Elapsed time: 01:15:28s.  Time for last 1,000,000:   17s.  Last read position: KB742880.1:1,261,445
INFO	2016-01-23 06:08:53	AddOrReplaceReadGroups	Processed   260,000,000 records.  Elapsed time: 01:15:45s.  Time for last 1,000,000:   17s.  Last read position: KB742652.1:791,872
INFO	2016-01-23 06:09:10	AddOrReplaceReadGroups	Processed   261,000,000 records.  Elapsed time: 01:16:02s.  Time for last 1,000,000:   17s.  Last read position: KB743235.1:262,844
INFO	2016-01-23 06:09:28	AddOrReplaceReadGroups	Processed   262,000,000 records.  Elapsed time: 01:16:20s.  Time for last 1,000,000:   17s.  Last read position: KB743235.1:1,576,491
INFO	2016-01-23 06:09:45	AddOrReplaceReadGroups	Processed   263,000,000 records.  Elapsed time: 01:16:38s.  Time for last 1,000,000:   17s.  Last read position: KB743177.1:1,057,070
INFO	2016-01-23 06:10:03	AddOrReplaceReadGroups	Processed   264,000,000 records.  Elapsed time: 01:16:55s.  Time for last 1,000,000:   17s.  Last read position: KB743113.1:572,573
INFO	2016-01-23 06:10:21	AddOrReplaceReadGroups	Processed   265,000,000 records.  Elapsed time: 01:17:13s.  Time for last 1,000,000:   17s.  Last read position: KB742680.1:130,604
INFO	2016-01-23 06:10:38	AddOrReplaceReadGroups	Processed   266,000,000 records.  Elapsed time: 01:17:31s.  Time for last 1,000,000:   17s.  Last read position: KB742680.1:1,415,574
INFO	2016-01-23 06:10:56	AddOrReplaceReadGroups	Processed   267,000,000 records.  Elapsed time: 01:17:49s.  Time for last 1,000,000:   17s.  Last read position: KB742840.1:948,406
INFO	2016-01-23 06:11:13	AddOrReplaceReadGroups	Processed   268,000,000 records.  Elapsed time: 01:18:06s.  Time for last 1,000,000:   16s.  Last read position: KB742840.1:1,698,530
INFO	2016-01-23 06:11:30	AddOrReplaceReadGroups	Processed   269,000,000 records.  Elapsed time: 01:18:23s.  Time for last 1,000,000:   17s.  Last read position: KB743713.1:1,173,124
INFO	2016-01-23 06:11:48	AddOrReplaceReadGroups	Processed   270,000,000 records.  Elapsed time: 01:18:41s.  Time for last 1,000,000:   17s.  Last read position: KB742646.1:672,734
INFO	2016-01-23 06:12:06	AddOrReplaceReadGroups	Processed   271,000,000 records.  Elapsed time: 01:18:58s.  Time for last 1,000,000:   17s.  Last read position: KB743153.1:233,115
INFO	2016-01-23 06:12:23	AddOrReplaceReadGroups	Processed   272,000,000 records.  Elapsed time: 01:19:15s.  Time for last 1,000,000:   17s.  Last read position: KB743153.1:1,364,270
INFO	2016-01-23 06:12:40	AddOrReplaceReadGroups	Processed   273,000,000 records.  Elapsed time: 01:19:32s.  Time for last 1,000,000:   16s.  Last read position: KB742537.1:450,310
INFO	2016-01-23 06:12:57	AddOrReplaceReadGroups	Processed   274,000,000 records.  Elapsed time: 01:19:49s.  Time for last 1,000,000:   16s.  Last read position: KB742537.1:1,216,759
INFO	2016-01-23 06:13:14	AddOrReplaceReadGroups	Processed   275,000,000 records.  Elapsed time: 01:20:07s.  Time for last 1,000,000:   17s.  Last read position: KB742590.1:718,891
INFO	2016-01-23 06:13:32	AddOrReplaceReadGroups	Processed   276,000,000 records.  Elapsed time: 01:20:24s.  Time for last 1,000,000:   17s.  Last read position: KB743380.1:207,792
INFO	2016-01-23 06:13:49	AddOrReplaceReadGroups	Processed   277,000,000 records.  Elapsed time: 01:20:41s.  Time for last 1,000,000:   17s.  Last read position: KB743380.1:1,498,462
INFO	2016-01-23 06:14:06	AddOrReplaceReadGroups	Processed   278,000,000 records.  Elapsed time: 01:20:59s.  Time for last 1,000,000:   17s.  Last read position: KB743157.1:1,071,235
INFO	2016-01-23 06:14:24	AddOrReplaceReadGroups	Processed   279,000,000 records.  Elapsed time: 01:21:16s.  Time for last 1,000,000:   17s.  Last read position: KB742848.1:591,829
INFO	2016-01-23 06:14:41	AddOrReplaceReadGroups	Processed   280,000,000 records.  Elapsed time: 01:21:34s.  Time for last 1,000,000:   17s.  Last read position: KB743896.1:110,181
INFO	2016-01-23 06:14:59	AddOrReplaceReadGroups	Processed   281,000,000 records.  Elapsed time: 01:21:51s.  Time for last 1,000,000:   17s.  Last read position: KB743896.1:1,410,525
INFO	2016-01-23 06:15:16	AddOrReplaceReadGroups	Processed   282,000,000 records.  Elapsed time: 01:22:09s.  Time for last 1,000,000:   17s.  Last read position: KB742588.1:924,106
INFO	2016-01-23 06:15:34	AddOrReplaceReadGroups	Processed   283,000,000 records.  Elapsed time: 01:22:26s.  Time for last 1,000,000:   17s.  Last read position: KB742734.1:411,002
INFO	2016-01-23 06:15:51	AddOrReplaceReadGroups	Processed   284,000,000 records.  Elapsed time: 01:22:44s.  Time for last 1,000,000:   17s.  Last read position: KB742734.1:1,702,386
INFO	2016-01-23 06:16:09	AddOrReplaceReadGroups	Processed   285,000,000 records.  Elapsed time: 01:23:01s.  Time for last 1,000,000:   17s.  Last read position: KB742899.1:1,299,893
INFO	2016-01-23 06:16:26	AddOrReplaceReadGroups	Processed   286,000,000 records.  Elapsed time: 01:23:19s.  Time for last 1,000,000:   17s.  Last read position: KB742671.1:836,014
INFO	2016-01-23 06:16:44	AddOrReplaceReadGroups	Processed   287,000,000 records.  Elapsed time: 01:23:36s.  Time for last 1,000,000:   17s.  Last read position: KB743509.1:333,979
INFO	2016-01-23 06:17:01	AddOrReplaceReadGroups	Processed   288,000,000 records.  Elapsed time: 01:23:53s.  Time for last 1,000,000:   17s.  Last read position: KB743509.1:1,606,494
INFO	2016-01-23 06:17:19	AddOrReplaceReadGroups	Processed   289,000,000 records.  Elapsed time: 01:24:11s.  Time for last 1,000,000:   17s.  Last read position: KB742815.1:1,118,142
INFO	2016-01-23 06:17:36	AddOrReplaceReadGroups	Processed   290,000,000 records.  Elapsed time: 01:24:28s.  Time for last 1,000,000:   17s.  Last read position: KB743028.1:663,711
INFO	2016-01-23 06:17:53	AddOrReplaceReadGroups	Processed   291,000,000 records.  Elapsed time: 01:24:46s.  Time for last 1,000,000:   17s.  Last read position: KB742854.1:212,994
INFO	2016-01-23 06:18:10	AddOrReplaceReadGroups	Processed   292,000,000 records.  Elapsed time: 01:25:03s.  Time for last 1,000,000:   17s.  Last read position: KB742854.1:1,588,935
INFO	2016-01-23 06:18:28	AddOrReplaceReadGroups	Processed   293,000,000 records.  Elapsed time: 01:25:21s.  Time for last 1,000,000:   17s.  Last read position: KB742489.1:1,247,105
INFO	2016-01-23 06:18:46	AddOrReplaceReadGroups	Processed   294,000,000 records.  Elapsed time: 01:25:38s.  Time for last 1,000,000:   17s.  Last read position: KB742582.1:871,040
INFO	2016-01-23 06:19:03	AddOrReplaceReadGroups	Processed   295,000,000 records.  Elapsed time: 01:25:56s.  Time for last 1,000,000:   17s.  Last read position: KB742406.1:459,522
INFO	2016-01-23 06:19:21	AddOrReplaceReadGroups	Processed   296,000,000 records.  Elapsed time: 01:26:13s.  Time for last 1,000,000:   17s.  Last read position: KB743700.1:31,719
INFO	2016-01-23 06:19:38	AddOrReplaceReadGroups	Processed   297,000,000 records.  Elapsed time: 01:26:31s.  Time for last 1,000,000:   17s.  Last read position: KB743700.1:1,366,916
INFO	2016-01-23 06:19:56	AddOrReplaceReadGroups	Processed   298,000,000 records.  Elapsed time: 01:26:48s.  Time for last 1,000,000:   17s.  Last read position: KB744072.1:974,770
INFO	2016-01-23 06:20:13	AddOrReplaceReadGroups	Processed   299,000,000 records.  Elapsed time: 01:27:05s.  Time for last 1,000,000:   17s.  Last read position: KB742423.1:546,489
INFO	2016-01-23 06:20:31	AddOrReplaceReadGroups	Processed   300,000,000 records.  Elapsed time: 01:27:23s.  Time for last 1,000,000:   17s.  Last read position: KB742677.1:149,708
INFO	2016-01-23 06:20:49	AddOrReplaceReadGroups	Processed   301,000,000 records.  Elapsed time: 01:27:41s.  Time for last 1,000,000:   17s.  Last read position: KB742677.1:1,542,742
INFO	2016-01-23 06:21:06	AddOrReplaceReadGroups	Processed   302,000,000 records.  Elapsed time: 01:27:59s.  Time for last 1,000,000:   17s.  Last read position: KB743662.1:1,181,019
INFO	2016-01-23 06:21:24	AddOrReplaceReadGroups	Processed   303,000,000 records.  Elapsed time: 01:28:17s.  Time for last 1,000,000:   17s.  Last read position: KB742937.1:809,482
INFO	2016-01-23 06:21:42	AddOrReplaceReadGroups	Processed   304,000,000 records.  Elapsed time: 01:28:34s.  Time for last 1,000,000:   17s.  Last read position: KB742411.1:471,476
INFO	2016-01-23 06:21:59	AddOrReplaceReadGroups	Processed   305,000,000 records.  Elapsed time: 01:28:52s.  Time for last 1,000,000:   17s.  Last read position: KB743625.1:84,530
INFO	2016-01-23 06:22:17	AddOrReplaceReadGroups	Processed   306,000,000 records.  Elapsed time: 01:29:09s.  Time for last 1,000,000:   17s.  Last read position: KB743625.1:1,317,075
INFO	2016-01-23 06:22:34	AddOrReplaceReadGroups	Processed   307,000,000 records.  Elapsed time: 01:29:26s.  Time for last 1,000,000:   17s.  Last read position: KB742402.1:872,002
INFO	2016-01-23 06:22:51	AddOrReplaceReadGroups	Processed   308,000,000 records.  Elapsed time: 01:29:44s.  Time for last 1,000,000:   17s.  Last read position: KB743183.1:500,522
INFO	2016-01-23 06:23:08	AddOrReplaceReadGroups	Processed   309,000,000 records.  Elapsed time: 01:30:01s.  Time for last 1,000,000:   17s.  Last read position: KB742535.1:168,215
INFO	2016-01-23 06:23:26	AddOrReplaceReadGroups	Processed   310,000,000 records.  Elapsed time: 01:30:18s.  Time for last 1,000,000:   17s.  Last read position: KB742535.1:1,538,678
INFO	2016-01-23 06:23:43	AddOrReplaceReadGroups	Processed   311,000,000 records.  Elapsed time: 01:30:35s.  Time for last 1,000,000:   17s.  Last read position: KB743020.1:1,426,161
INFO	2016-01-23 06:24:01	AddOrReplaceReadGroups	Processed   312,000,000 records.  Elapsed time: 01:30:53s.  Time for last 1,000,000:   17s.  Last read position: KB743562.1:1,133,757
INFO	2016-01-23 06:24:19	AddOrReplaceReadGroups	Processed   313,000,000 records.  Elapsed time: 01:31:11s.  Time for last 1,000,000:   17s.  Last read position: KB742909.1:864,424
INFO	2016-01-23 06:24:36	AddOrReplaceReadGroups	Processed   314,000,000 records.  Elapsed time: 01:31:29s.  Time for last 1,000,000:   17s.  Last read position: KB742802.1:483,102
INFO	2016-01-23 06:24:54	AddOrReplaceReadGroups	Processed   315,000,000 records.  Elapsed time: 01:31:46s.  Time for last 1,000,000:   17s.  Last read position: KB743136.1:95,901
INFO	2016-01-23 06:25:11	AddOrReplaceReadGroups	Processed   316,000,000 records.  Elapsed time: 01:32:04s.  Time for last 1,000,000:   17s.  Last read position: KB743136.1:1,378,941
INFO	2016-01-23 06:25:29	AddOrReplaceReadGroups	Processed   317,000,000 records.  Elapsed time: 01:32:21s.  Time for last 1,000,000:   17s.  Last read position: KB743651.1:1,075,073
INFO	2016-01-23 06:25:47	AddOrReplaceReadGroups	Processed   318,000,000 records.  Elapsed time: 01:32:39s.  Time for last 1,000,000:   17s.  Last read position: KB743076.1:762,330
INFO	2016-01-23 06:26:04	AddOrReplaceReadGroups	Processed   319,000,000 records.  Elapsed time: 01:32:56s.  Time for last 1,000,000:   17s.  Last read position: KB742694.1:447,737
INFO	2016-01-23 06:26:22	AddOrReplaceReadGroups	Processed   320,000,000 records.  Elapsed time: 01:33:14s.  Time for last 1,000,000:   17s.  Last read position: KB743308.1:166,781
INFO	2016-01-23 06:26:39	AddOrReplaceReadGroups	Processed   321,000,000 records.  Elapsed time: 01:33:31s.  Time for last 1,000,000:   17s.  Last read position: KB743308.1:1,478,296
INFO	2016-01-23 06:26:57	AddOrReplaceReadGroups	Processed   322,000,000 records.  Elapsed time: 01:33:49s.  Time for last 1,000,000:   17s.  Last read position: KB742444.1:1,134,874
INFO	2016-01-23 06:27:14	AddOrReplaceReadGroups	Processed   323,000,000 records.  Elapsed time: 01:34:07s.  Time for last 1,000,000:   17s.  Last read position: KB743771.1:814,062
INFO	2016-01-23 06:27:32	AddOrReplaceReadGroups	Processed   324,000,000 records.  Elapsed time: 01:34:24s.  Time for last 1,000,000:   17s.  Last read position: KB742395.1:501,321
INFO	2016-01-23 06:27:49	AddOrReplaceReadGroups	Processed   325,000,000 records.  Elapsed time: 01:34:41s.  Time for last 1,000,000:   17s.  Last read position: KB742730.1:195,839
INFO	2016-01-23 06:28:07	AddOrReplaceReadGroups	Processed   326,000,000 records.  Elapsed time: 01:34:59s.  Time for last 1,000,000:   17s.  Last read position: KB742730.1:1,469,449
INFO	2016-01-23 06:28:24	AddOrReplaceReadGroups	Processed   327,000,000 records.  Elapsed time: 01:35:16s.  Time for last 1,000,000:   17s.  Last read position: KB742777.1:1,187,885
INFO	2016-01-23 06:28:41	AddOrReplaceReadGroups	Processed   328,000,000 records.  Elapsed time: 01:35:34s.  Time for last 1,000,000:   17s.  Last read position: KB742739.1:938,648
INFO	2016-01-23 06:28:59	AddOrReplaceReadGroups	Processed   329,000,000 records.  Elapsed time: 01:35:51s.  Time for last 1,000,000:   17s.  Last read position: KB742499.1:752,346
INFO	2016-01-23 06:29:16	AddOrReplaceReadGroups	Processed   330,000,000 records.  Elapsed time: 01:36:09s.  Time for last 1,000,000:   17s.  Last read position: KB743048.1:551,281
INFO	2016-01-23 06:29:34	AddOrReplaceReadGroups	Processed   331,000,000 records.  Elapsed time: 01:36:26s.  Time for last 1,000,000:   17s.  Last read position: KB742806.1:314,562
INFO	2016-01-23 06:29:51	AddOrReplaceReadGroups	Processed   332,000,000 records.  Elapsed time: 01:36:44s.  Time for last 1,000,000:   17s.  Last read position: KB742595.1:106,088
INFO	2016-01-23 06:30:09	AddOrReplaceReadGroups	Processed   333,000,000 records.  Elapsed time: 01:37:01s.  Time for last 1,000,000:   17s.  Last read position: KB742595.1:1,419,579
INFO	2016-01-23 06:30:27	AddOrReplaceReadGroups	Processed   334,000,000 records.  Elapsed time: 01:37:19s.  Time for last 1,000,000:   17s.  Last read position: KB742818.1:1,249,999
INFO	2016-01-23 06:30:44	AddOrReplaceReadGroups	Processed   335,000,000 records.  Elapsed time: 01:37:37s.  Time for last 1,000,000:   17s.  Last read position: KB742650.1:1,035,400
INFO	2016-01-23 06:31:02	AddOrReplaceReadGroups	Processed   336,000,000 records.  Elapsed time: 01:37:54s.  Time for last 1,000,000:   17s.  Last read position: KB742437.1:835,502
INFO	2016-01-23 06:31:19	AddOrReplaceReadGroups	Processed   337,000,000 records.  Elapsed time: 01:38:12s.  Time for last 1,000,000:   17s.  Last read position: KB742505.1:606,310
INFO	2016-01-23 06:31:37	AddOrReplaceReadGroups	Processed   338,000,000 records.  Elapsed time: 01:38:29s.  Time for last 1,000,000:   17s.  Last read position: KB743404.1:362,543
INFO	2016-01-23 06:31:55	AddOrReplaceReadGroups	Processed   339,000,000 records.  Elapsed time: 01:38:47s.  Time for last 1,000,000:   17s.  Last read position: KB744212.1:174,819
INFO	2016-01-23 06:32:12	AddOrReplaceReadGroups	Processed   340,000,000 records.  Elapsed time: 01:39:05s.  Time for last 1,000,000:   17s.  Last read position: KB744212.1:1,441,768
INFO	2016-01-23 06:32:30	AddOrReplaceReadGroups	Processed   341,000,000 records.  Elapsed time: 01:39:22s.  Time for last 1,000,000:   17s.  Last read position: KB742735.1:1,196,344
INFO	2016-01-23 06:32:47	AddOrReplaceReadGroups	Processed   342,000,000 records.  Elapsed time: 01:39:40s.  Time for last 1,000,000:   17s.  Last read position: KB742504.1:978,286
INFO	2016-01-23 06:33:05	AddOrReplaceReadGroups	Processed   343,000,000 records.  Elapsed time: 01:39:57s.  Time for last 1,000,000:   17s.  Last read position: KB742712.1:764,319
INFO	2016-01-23 06:33:23	AddOrReplaceReadGroups	Processed   344,000,000 records.  Elapsed time: 01:40:15s.  Time for last 1,000,000:   17s.  Last read position: KB744899.1:552,554
INFO	2016-01-23 06:33:41	AddOrReplaceReadGroups	Processed   345,000,000 records.  Elapsed time: 01:40:33s.  Time for last 1,000,000:   17s.  Last read position: KB743214.1:340,983
INFO	2016-01-23 06:33:58	AddOrReplaceReadGroups	Processed   346,000,000 records.  Elapsed time: 01:40:51s.  Time for last 1,000,000:   17s.  Last read position: KB742579.1:124,820
INFO	2016-01-23 06:34:16	AddOrReplaceReadGroups	Processed   347,000,000 records.  Elapsed time: 01:41:09s.  Time for last 1,000,000:   17s.  Last read position: KB742579.1:1,422,271
INFO	2016-01-23 06:34:34	AddOrReplaceReadGroups	Processed   348,000,000 records.  Elapsed time: 01:41:26s.  Time for last 1,000,000:   17s.  Last read position: KB742793.1:1,260,175
INFO	2016-01-23 06:34:51	AddOrReplaceReadGroups	Processed   349,000,000 records.  Elapsed time: 01:41:44s.  Time for last 1,000,000:   17s.  Last read position: KB742693.1:1,152,989
INFO	2016-01-23 06:35:09	AddOrReplaceReadGroups	Processed   350,000,000 records.  Elapsed time: 01:42:01s.  Time for last 1,000,000:   17s.  Last read position: KB742467.1:1,151,113
INFO	2016-01-23 06:35:26	AddOrReplaceReadGroups	Processed   351,000,000 records.  Elapsed time: 01:42:19s.  Time for last 1,000,000:   17s.  Last read position: KB742871.1:991,895
INFO	2016-01-23 06:35:44	AddOrReplaceReadGroups	Processed   352,000,000 records.  Elapsed time: 01:42:37s.  Time for last 1,000,000:   17s.  Last read position: KB742462.1:863,233
INFO	2016-01-23 06:36:02	AddOrReplaceReadGroups	Processed   353,000,000 records.  Elapsed time: 01:42:55s.  Time for last 1,000,000:   17s.  Last read position: KB743740.1:800,935
INFO	2016-01-23 06:36:20	AddOrReplaceReadGroups	Processed   354,000,000 records.  Elapsed time: 01:43:12s.  Time for last 1,000,000:   17s.  Last read position: KB743004.1:635,638
INFO	2016-01-23 06:36:37	AddOrReplaceReadGroups	Processed   355,000,000 records.  Elapsed time: 01:43:29s.  Time for last 1,000,000:   17s.  Last read position: KB744465.1:467,395
INFO	2016-01-23 06:36:55	AddOrReplaceReadGroups	Processed   356,000,000 records.  Elapsed time: 01:43:47s.  Time for last 1,000,000:   17s.  Last read position: KB743342.1:319,177
INFO	2016-01-23 06:37:12	AddOrReplaceReadGroups	Processed   357,000,000 records.  Elapsed time: 01:44:04s.  Time for last 1,000,000:   17s.  Last read position: KB742416.1:157,140
INFO	2016-01-23 06:37:29	AddOrReplaceReadGroups	Processed   358,000,000 records.  Elapsed time: 01:44:22s.  Time for last 1,000,000:   17s.  Last read position: KB742867.1:73,661
INFO	2016-01-23 06:37:47	AddOrReplaceReadGroups	Processed   359,000,000 records.  Elapsed time: 01:44:39s.  Time for last 1,000,000:   17s.  Last read position: KB742867.1:1,405,246
INFO	2016-01-23 06:38:04	AddOrReplaceReadGroups	Processed   360,000,000 records.  Elapsed time: 01:44:57s.  Time for last 1,000,000:   17s.  Last read position: KB744720.1:1,252,113
INFO	2016-01-23 06:38:22	AddOrReplaceReadGroups	Processed   361,000,000 records.  Elapsed time: 01:45:14s.  Time for last 1,000,000:   17s.  Last read position: KB743073.1:1,155,009
INFO	2016-01-23 06:38:39	AddOrReplaceReadGroups	Processed   362,000,000 records.  Elapsed time: 01:45:32s.  Time for last 1,000,000:   17s.  Last read position: KB742774.1:1,044,925
INFO	2016-01-23 06:38:57	AddOrReplaceReadGroups	Processed   363,000,000 records.  Elapsed time: 01:45:49s.  Time for last 1,000,000:   17s.  Last read position: KB743090.1:930,929
INFO	2016-01-23 06:39:14	AddOrReplaceReadGroups	Processed   364,000,000 records.  Elapsed time: 01:46:07s.  Time for last 1,000,000:   17s.  Last read position: KB743336.1:775,420
INFO	2016-01-23 06:39:32	AddOrReplaceReadGroups	Processed   365,000,000 records.  Elapsed time: 01:46:24s.  Time for last 1,000,000:   17s.  Last read position: KB742412.1:784,189
INFO	2016-01-23 06:39:49	AddOrReplaceReadGroups	Processed   366,000,000 records.  Elapsed time: 01:46:41s.  Time for last 1,000,000:   17s.  Last read position: KB742658.1:742,242
INFO	2016-01-23 06:40:06	AddOrReplaceReadGroups	Processed   367,000,000 records.  Elapsed time: 01:46:59s.  Time for last 1,000,000:   17s.  Last read position: KB743532.1:697,527
INFO	2016-01-23 06:40:24	AddOrReplaceReadGroups	Processed   368,000,000 records.  Elapsed time: 01:47:16s.  Time for last 1,000,000:   17s.  Last read position: KB742702.1:554,385
INFO	2016-01-23 06:40:41	AddOrReplaceReadGroups	Processed   369,000,000 records.  Elapsed time: 01:47:33s.  Time for last 1,000,000:   17s.  Last read position: KB743050.1:452,396
INFO	2016-01-23 06:40:59	AddOrReplaceReadGroups	Processed   370,000,000 records.  Elapsed time: 01:47:51s.  Time for last 1,000,000:   17s.  Last read position: KB744033.1:326,290
INFO	2016-01-23 06:41:16	AddOrReplaceReadGroups	Processed   371,000,000 records.  Elapsed time: 01:48:08s.  Time for last 1,000,000:   17s.  Last read position: KB742585.1:236,196
INFO	2016-01-23 06:41:34	AddOrReplaceReadGroups	Processed   372,000,000 records.  Elapsed time: 01:48:26s.  Time for last 1,000,000:   17s.  Last read position: KB743608.1:134,470
INFO	2016-01-23 06:41:51	AddOrReplaceReadGroups	Processed   373,000,000 records.  Elapsed time: 01:48:44s.  Time for last 1,000,000:   17s.  Last read position: KB742826.1:30,038
INFO	2016-01-23 06:42:09	AddOrReplaceReadGroups	Processed   374,000,000 records.  Elapsed time: 01:49:01s.  Time for last 1,000,000:   17s.  Last read position: KB742826.1:1,270,733
INFO	2016-01-23 06:42:26	AddOrReplaceReadGroups	Processed   375,000,000 records.  Elapsed time: 01:49:18s.  Time for last 1,000,000:   17s.  Last read position: KB742970.1:1,183,449
INFO	2016-01-23 06:42:43	AddOrReplaceReadGroups	Processed   376,000,000 records.  Elapsed time: 01:49:36s.  Time for last 1,000,000:   17s.  Last read position: KB743072.1:1,083,951
INFO	2016-01-23 06:43:01	AddOrReplaceReadGroups	Processed   377,000,000 records.  Elapsed time: 01:49:53s.  Time for last 1,000,000:   17s.  Last read position: KB742791.1:982,892
INFO	2016-01-23 06:43:18	AddOrReplaceReadGroups	Processed   378,000,000 records.  Elapsed time: 01:50:10s.  Time for last 1,000,000:   17s.  Last read position: KB742496.1:978,075
INFO	2016-01-23 06:43:36	AddOrReplaceReadGroups	Processed   379,000,000 records.  Elapsed time: 01:50:28s.  Time for last 1,000,000:   17s.  Last read position: KB744256.1:891,702
INFO	2016-01-23 06:43:53	AddOrReplaceReadGroups	Processed   380,000,000 records.  Elapsed time: 01:50:46s.  Time for last 1,000,000:   17s.  Last read position: KB742977.1:821,109
INFO	2016-01-23 06:44:11	AddOrReplaceReadGroups	Processed   381,000,000 records.  Elapsed time: 01:51:04s.  Time for last 1,000,000:   17s.  Last read position: KB743069.1:786,437
INFO	2016-01-23 06:44:29	AddOrReplaceReadGroups	Processed   382,000,000 records.  Elapsed time: 01:51:21s.  Time for last 1,000,000:   17s.  Last read position: KB742862.1:759,353
INFO	2016-01-23 06:44:47	AddOrReplaceReadGroups	Processed   383,000,000 records.  Elapsed time: 01:51:39s.  Time for last 1,000,000:   17s.  Last read position: KB743610.1:741,528
INFO	2016-01-23 06:45:04	AddOrReplaceReadGroups	Processed   384,000,000 records.  Elapsed time: 01:51:56s.  Time for last 1,000,000:   17s.  Last read position: KB743335.1:655,627
INFO	2016-01-23 06:45:21	AddOrReplaceReadGroups	Processed   385,000,000 records.  Elapsed time: 01:52:14s.  Time for last 1,000,000:   17s.  Last read position: KB742648.1:557,855
INFO	2016-01-23 06:45:39	AddOrReplaceReadGroups	Processed   386,000,000 records.  Elapsed time: 01:52:31s.  Time for last 1,000,000:   17s.  Last read position: KB742858.1:547,261
INFO	2016-01-23 06:45:56	AddOrReplaceReadGroups	Processed   387,000,000 records.  Elapsed time: 01:52:48s.  Time for last 1,000,000:   17s.  Last read position: KB743383.1:531,164
INFO	2016-01-23 06:46:13	AddOrReplaceReadGroups	Processed   388,000,000 records.  Elapsed time: 01:53:06s.  Time for last 1,000,000:   17s.  Last read position: KB743217.1:457,766
INFO	2016-01-23 06:46:31	AddOrReplaceReadGroups	Processed   389,000,000 records.  Elapsed time: 01:53:23s.  Time for last 1,000,000:   17s.  Last read position: KB743261.1:405,247
INFO	2016-01-23 06:46:49	AddOrReplaceReadGroups	Processed   390,000,000 records.  Elapsed time: 01:53:41s.  Time for last 1,000,000:   17s.  Last read position: KB742664.1:359,275
INFO	2016-01-23 06:47:06	AddOrReplaceReadGroups	Processed   391,000,000 records.  Elapsed time: 01:53:58s.  Time for last 1,000,000:   17s.  Last read position: KB742386.1:284,689
INFO	2016-01-23 06:47:24	AddOrReplaceReadGroups	Processed   392,000,000 records.  Elapsed time: 01:54:16s.  Time for last 1,000,000:   17s.  Last read position: KB742975.1:245,327
INFO	2016-01-23 06:47:41	AddOrReplaceReadGroups	Processed   393,000,000 records.  Elapsed time: 01:54:33s.  Time for last 1,000,000:   17s.  Last read position: KB743017.1:277,969
INFO	2016-01-23 06:47:59	AddOrReplaceReadGroups	Processed   394,000,000 records.  Elapsed time: 01:54:51s.  Time for last 1,000,000:   17s.  Last read position: KB743364.1:317,714
INFO	2016-01-23 06:48:17	AddOrReplaceReadGroups	Processed   395,000,000 records.  Elapsed time: 01:55:09s.  Time for last 1,000,000:   17s.  Last read position: KB742682.1:298,943
INFO	2016-01-23 06:48:34	AddOrReplaceReadGroups	Processed   396,000,000 records.  Elapsed time: 01:55:27s.  Time for last 1,000,000:   17s.  Last read position: KB743685.1:260,502
INFO	2016-01-23 06:48:52	AddOrReplaceReadGroups	Processed   397,000,000 records.  Elapsed time: 01:55:44s.  Time for last 1,000,000:   17s.  Last read position: KB743087.1:269,481
INFO	2016-01-23 06:49:09	AddOrReplaceReadGroups	Processed   398,000,000 records.  Elapsed time: 01:56:02s.  Time for last 1,000,000:   17s.  Last read position: KB743137.1:314,795
INFO	2016-01-23 06:49:27	AddOrReplaceReadGroups	Processed   399,000,000 records.  Elapsed time: 01:56:19s.  Time for last 1,000,000:   17s.  Last read position: KB742967.1:386,478
INFO	2016-01-23 06:49:44	AddOrReplaceReadGroups	Processed   400,000,000 records.  Elapsed time: 01:56:37s.  Time for last 1,000,000:   17s.  Last read position: KB744621.1:401,457
INFO	2016-01-23 06:50:02	AddOrReplaceReadGroups	Processed   401,000,000 records.  Elapsed time: 01:56:54s.  Time for last 1,000,000:   17s.  Last read position: KB743246.1:398,370
INFO	2016-01-23 06:50:19	AddOrReplaceReadGroups	Processed   402,000,000 records.  Elapsed time: 01:57:12s.  Time for last 1,000,000:   17s.  Last read position: KB743525.1:367,283
INFO	2016-01-23 06:50:37	AddOrReplaceReadGroups	Processed   403,000,000 records.  Elapsed time: 01:57:29s.  Time for last 1,000,000:   17s.  Last read position: KB743171.1:377,373
INFO	2016-01-23 06:50:54	AddOrReplaceReadGroups	Processed   404,000,000 records.  Elapsed time: 01:57:47s.  Time for last 1,000,000:   17s.  Last read position: KB744020.1:457,710
INFO	2016-01-23 06:51:12	AddOrReplaceReadGroups	Processed   405,000,000 records.  Elapsed time: 01:58:04s.  Time for last 1,000,000:   17s.  Last read position: KB743041.1:461,921
INFO	2016-01-23 06:51:29	AddOrReplaceReadGroups	Processed   406,000,000 records.  Elapsed time: 01:58:22s.  Time for last 1,000,000:   17s.  Last read position: KB743330.1:491,333
INFO	2016-01-23 06:51:47	AddOrReplaceReadGroups	Processed   407,000,000 records.  Elapsed time: 01:58:39s.  Time for last 1,000,000:   17s.  Last read position: KB744156.1:496,947
INFO	2016-01-23 06:52:04	AddOrReplaceReadGroups	Processed   408,000,000 records.  Elapsed time: 01:58:57s.  Time for last 1,000,000:   17s.  Last read position: KB742864.1:539,428
INFO	2016-01-23 06:52:22	AddOrReplaceReadGroups	Processed   409,000,000 records.  Elapsed time: 01:59:14s.  Time for last 1,000,000:   17s.  Last read position: KB742632.1:562,516
INFO	2016-01-23 06:52:39	AddOrReplaceReadGroups	Processed   410,000,000 records.  Elapsed time: 01:59:31s.  Time for last 1,000,000:   17s.  Last read position: KB742403.1:706,898
INFO	2016-01-23 06:52:57	AddOrReplaceReadGroups	Processed   411,000,000 records.  Elapsed time: 01:59:49s.  Time for last 1,000,000:   17s.  Last read position: KB743012.1:789,144
INFO	2016-01-23 06:53:15	AddOrReplaceReadGroups	Processed   412,000,000 records.  Elapsed time: 02:00:07s.  Time for last 1,000,000:   17s.  Last read position: KB742696.1:879,941
INFO	2016-01-23 06:53:32	AddOrReplaceReadGroups	Processed   413,000,000 records.  Elapsed time: 02:00:24s.  Time for last 1,000,000:   17s.  Last read position: KB743097.1:657,339
INFO	2016-01-23 06:53:49	AddOrReplaceReadGroups	Processed   414,000,000 records.  Elapsed time: 02:00:42s.  Time for last 1,000,000:   17s.  Last read position: KB742707.1:668,575
INFO	2016-01-23 06:54:07	AddOrReplaceReadGroups	Processed   415,000,000 records.  Elapsed time: 02:00:59s.  Time for last 1,000,000:   17s.  Last read position: KB742675.1:719,908
INFO	2016-01-23 06:54:24	AddOrReplaceReadGroups	Processed   416,000,000 records.  Elapsed time: 02:01:17s.  Time for last 1,000,000:   17s.  Last read position: KB743085.1:717,804
INFO	2016-01-23 06:54:42	AddOrReplaceReadGroups	Processed   417,000,000 records.  Elapsed time: 02:01:35s.  Time for last 1,000,000:   17s.  Last read position: KB742452.1:816,945
INFO	2016-01-23 06:55:00	AddOrReplaceReadGroups	Processed   418,000,000 records.  Elapsed time: 02:01:53s.  Time for last 1,000,000:   17s.  Last read position: KB742639.1:882,720
INFO	2016-01-23 06:55:18	AddOrReplaceReadGroups	Processed   419,000,000 records.  Elapsed time: 02:02:10s.  Time for last 1,000,000:   17s.  Last read position: KB743031.1:930,342
INFO	2016-01-23 06:55:35	AddOrReplaceReadGroups	Processed   420,000,000 records.  Elapsed time: 02:02:28s.  Time for last 1,000,000:   17s.  Last read position: KB743728.1:1,004,464
INFO	2016-01-23 06:55:53	AddOrReplaceReadGroups	Processed   421,000,000 records.  Elapsed time: 02:02:45s.  Time for last 1,000,000:   17s.  Last read position: KB744113.1:1,005,345
INFO	2016-01-23 06:56:11	AddOrReplaceReadGroups	Processed   422,000,000 records.  Elapsed time: 02:03:03s.  Time for last 1,000,000:   17s.  Last read position: KB743530.1:1,119,214
INFO	2016-01-23 06:56:28	AddOrReplaceReadGroups	Processed   423,000,000 records.  Elapsed time: 02:03:21s.  Time for last 1,000,000:   17s.  Last read position: KB742963.1:1,100,669
INFO	2016-01-23 06:56:46	AddOrReplaceReadGroups	Processed   424,000,000 records.  Elapsed time: 02:03:38s.  Time for last 1,000,000:   17s.  Last read position: KB742531.1:1,186,051
INFO	2016-01-23 06:57:03	AddOrReplaceReadGroups	Processed   425,000,000 records.  Elapsed time: 02:03:56s.  Time for last 1,000,000:   17s.  Last read position: KB744722.1:1,193,270
INFO	2016-01-23 06:57:21	AddOrReplaceReadGroups	Processed   426,000,000 records.  Elapsed time: 02:04:14s.  Time for last 1,000,000:   17s.  Last read position: KB742928.1:54,854
INFO	2016-01-23 06:57:38	AddOrReplaceReadGroups	Processed   427,000,000 records.  Elapsed time: 02:04:31s.  Time for last 1,000,000:   17s.  Last read position: KB743829.1:291,024
INFO	2016-01-23 06:57:56	AddOrReplaceReadGroups	Processed   428,000,000 records.  Elapsed time: 02:04:48s.  Time for last 1,000,000:   17s.  Last read position: KB742784.1:350,555
INFO	2016-01-23 06:58:14	AddOrReplaceReadGroups	Processed   429,000,000 records.  Elapsed time: 02:05:06s.  Time for last 1,000,000:   17s.  Last read position: KB742888.1:436,827
INFO	2016-01-23 06:58:32	AddOrReplaceReadGroups	Processed   430,000,000 records.  Elapsed time: 02:05:24s.  Time for last 1,000,000:   17s.  Last read position: KB742875.1:505,211
INFO	2016-01-23 06:58:49	AddOrReplaceReadGroups	Processed   431,000,000 records.  Elapsed time: 02:05:42s.  Time for last 1,000,000:   17s.  Last read position: KB742503.1:529,317
INFO	2016-01-23 06:59:05	AddOrReplaceReadGroups	Processed   432,000,000 records.  Elapsed time: 02:05:58s.  Time for last 1,000,000:   16s.  Last read position: KB742503.1:1,003,754
INFO	2016-01-23 06:59:21	AddOrReplaceReadGroups	Processed   433,000,000 records.  Elapsed time: 02:06:13s.  Time for last 1,000,000:   15s.  Last read position: KB742503.1:1,003,792
INFO	2016-01-23 06:59:38	AddOrReplaceReadGroups	Processed   434,000,000 records.  Elapsed time: 02:06:30s.  Time for last 1,000,000:   16s.  Last read position: KB743924.1:255,359
INFO	2016-01-23 06:59:55	AddOrReplaceReadGroups	Processed   435,000,000 records.  Elapsed time: 02:06:48s.  Time for last 1,000,000:   17s.  Last read position: KB742757.1:401,426
INFO	2016-01-23 07:00:13	AddOrReplaceReadGroups	Processed   436,000,000 records.  Elapsed time: 02:07:06s.  Time for last 1,000,000:   17s.  Last read position: KB742949.1:528,589
INFO	2016-01-23 07:00:30	AddOrReplaceReadGroups	Processed   437,000,000 records.  Elapsed time: 02:07:23s.  Time for last 1,000,000:   17s.  Last read position: KB742878.1:570,307
INFO	2016-01-23 07:00:48	AddOrReplaceReadGroups	Processed   438,000,000 records.  Elapsed time: 02:07:40s.  Time for last 1,000,000:   17s.  Last read position: KB742561.1:712,115
INFO	2016-01-23 07:01:05	AddOrReplaceReadGroups	Processed   439,000,000 records.  Elapsed time: 02:07:58s.  Time for last 1,000,000:   17s.  Last read position: KB742924.1:818,189
INFO	2016-01-23 07:01:23	AddOrReplaceReadGroups	Processed   440,000,000 records.  Elapsed time: 02:08:15s.  Time for last 1,000,000:   17s.  Last read position: KB743256.1:865,102
INFO	2016-01-23 07:01:40	AddOrReplaceReadGroups	Processed   441,000,000 records.  Elapsed time: 02:08:33s.  Time for last 1,000,000:   17s.  Last read position: KB742543.1:959,820
INFO	2016-01-23 07:01:58	AddOrReplaceReadGroups	Processed   442,000,000 records.  Elapsed time: 02:08:50s.  Time for last 1,000,000:   17s.  Last read position: KB744042.1:1,033,865
INFO	2016-01-23 07:02:16	AddOrReplaceReadGroups	Processed   443,000,000 records.  Elapsed time: 02:09:08s.  Time for last 1,000,000:   17s.  Last read position: KB744074.1:1,088,290
INFO	2016-01-23 07:02:33	AddOrReplaceReadGroups	Processed   444,000,000 records.  Elapsed time: 02:09:25s.  Time for last 1,000,000:   17s.  Last read position: KB743211.1:1,180,598
INFO	2016-01-23 07:02:50	AddOrReplaceReadGroups	Processed   445,000,000 records.  Elapsed time: 02:09:43s.  Time for last 1,000,000:   17s.  Last read position: KB742799.1:173,253
INFO	2016-01-23 07:03:08	AddOrReplaceReadGroups	Processed   446,000,000 records.  Elapsed time: 02:10:00s.  Time for last 1,000,000:   17s.  Last read position: KB742906.1:213,603
INFO	2016-01-23 07:03:26	AddOrReplaceReadGroups	Processed   447,000,000 records.  Elapsed time: 02:10:18s.  Time for last 1,000,000:   17s.  Last read position: KB742993.1:397,216
INFO	2016-01-23 07:03:43	AddOrReplaceReadGroups	Processed   448,000,000 records.  Elapsed time: 02:10:35s.  Time for last 1,000,000:   17s.  Last read position: KB742900.1:544,596
INFO	2016-01-23 07:04:00	AddOrReplaceReadGroups	Processed   449,000,000 records.  Elapsed time: 02:10:53s.  Time for last 1,000,000:   17s.  Last read position: KB742948.1:684,351
INFO	2016-01-23 07:04:18	AddOrReplaceReadGroups	Processed   450,000,000 records.  Elapsed time: 02:11:10s.  Time for last 1,000,000:   17s.  Last read position: KB742389.1:840,220
INFO	2016-01-23 07:04:35	AddOrReplaceReadGroups	Processed   451,000,000 records.  Elapsed time: 02:11:28s.  Time for last 1,000,000:   17s.  Last read position: KB742430.1:970,242
INFO	2016-01-23 07:04:53	AddOrReplaceReadGroups	Processed   452,000,000 records.  Elapsed time: 02:11:45s.  Time for last 1,000,000:   17s.  Last read position: KB742618.1:1,127,278
INFO	2016-01-23 07:05:11	AddOrReplaceReadGroups	Processed   453,000,000 records.  Elapsed time: 02:12:03s.  Time for last 1,000,000:   17s.  Last read position: KB743200.1:175,172
INFO	2016-01-23 07:05:28	AddOrReplaceReadGroups	Processed   454,000,000 records.  Elapsed time: 02:12:20s.  Time for last 1,000,000:   17s.  Last read position: KB743489.1:279,681
INFO	2016-01-23 07:05:45	AddOrReplaceReadGroups	Processed   455,000,000 records.  Elapsed time: 02:12:38s.  Time for last 1,000,000:   17s.  Last read position: KB742832.1:448,714
INFO	2016-01-23 07:06:03	AddOrReplaceReadGroups	Processed   456,000,000 records.  Elapsed time: 02:12:55s.  Time for last 1,000,000:   17s.  Last read position: KB742660.1:645,017
INFO	2016-01-23 07:06:20	AddOrReplaceReadGroups	Processed   457,000,000 records.  Elapsed time: 02:13:13s.  Time for last 1,000,000:   17s.  Last read position: KB742980.1:779,886
INFO	2016-01-23 07:06:38	AddOrReplaceReadGroups	Processed   458,000,000 records.  Elapsed time: 02:13:30s.  Time for last 1,000,000:   17s.  Last read position: KB742824.1:978,076
INFO	2016-01-23 07:06:55	AddOrReplaceReadGroups	Processed   459,000,000 records.  Elapsed time: 02:13:47s.  Time for last 1,000,000:   17s.  Last read position: KB743192.1:64,622
INFO	2016-01-23 07:07:13	AddOrReplaceReadGroups	Processed   460,000,000 records.  Elapsed time: 02:14:05s.  Time for last 1,000,000:   17s.  Last read position: KB742911.1:278,924
INFO	2016-01-23 07:07:30	AddOrReplaceReadGroups	Processed   461,000,000 records.  Elapsed time: 02:14:23s.  Time for last 1,000,000:   17s.  Last read position: KB743446.1:453,148
INFO	2016-01-23 07:07:48	AddOrReplaceReadGroups	Processed   462,000,000 records.  Elapsed time: 02:14:40s.  Time for last 1,000,000:   17s.  Last read position: KB742572.1:611,648
INFO	2016-01-23 07:08:06	AddOrReplaceReadGroups	Processed   463,000,000 records.  Elapsed time: 02:14:58s.  Time for last 1,000,000:   17s.  Last read position: KB742775.1:773,527
INFO	2016-01-23 07:08:23	AddOrReplaceReadGroups	Processed   464,000,000 records.  Elapsed time: 02:15:16s.  Time for last 1,000,000:   17s.  Last read position: KB742953.1:982,723
INFO	2016-01-23 07:08:41	AddOrReplaceReadGroups	Processed   465,000,000 records.  Elapsed time: 02:15:33s.  Time for last 1,000,000:   17s.  Last read position: KB742565.1:11,247
INFO	2016-01-23 07:08:59	AddOrReplaceReadGroups	Processed   466,000,000 records.  Elapsed time: 02:15:51s.  Time for last 1,000,000:   17s.  Last read position: KB743400.1:204,515
INFO	2016-01-23 07:09:16	AddOrReplaceReadGroups	Processed   467,000,000 records.  Elapsed time: 02:16:08s.  Time for last 1,000,000:   17s.  Last read position: KB743037.1:392,602
INFO	2016-01-23 07:09:34	AddOrReplaceReadGroups	Processed   468,000,000 records.  Elapsed time: 02:16:26s.  Time for last 1,000,000:   17s.  Last read position: KB744477.1:567,721
INFO	2016-01-23 07:09:51	AddOrReplaceReadGroups	Processed   469,000,000 records.  Elapsed time: 02:16:44s.  Time for last 1,000,000:   17s.  Last read position: KB744204.1:780,045
INFO	2016-01-23 07:10:09	AddOrReplaceReadGroups	Processed   470,000,000 records.  Elapsed time: 02:17:02s.  Time for last 1,000,000:   17s.  Last read position: KB743116.1:973,846
INFO	2016-01-23 07:10:27	AddOrReplaceReadGroups	Processed   471,000,000 records.  Elapsed time: 02:17:19s.  Time for last 1,000,000:   17s.  Last read position: KB742736.1:31,558
INFO	2016-01-23 07:10:44	AddOrReplaceReadGroups	Processed   472,000,000 records.  Elapsed time: 02:17:37s.  Time for last 1,000,000:   17s.  Last read position: KB743319.1:286,102
INFO	2016-01-23 07:11:02	AddOrReplaceReadGroups	Processed   473,000,000 records.  Elapsed time: 02:17:54s.  Time for last 1,000,000:   17s.  Last read position: KB743300.1:572,074
INFO	2016-01-23 07:11:19	AddOrReplaceReadGroups	Processed   474,000,000 records.  Elapsed time: 02:18:12s.  Time for last 1,000,000:   17s.  Last read position: KB742689.1:840,571
INFO	2016-01-23 07:11:37	AddOrReplaceReadGroups	Processed   475,000,000 records.  Elapsed time: 02:18:29s.  Time for last 1,000,000:   17s.  Last read position: KB743872.1:51,389
INFO	2016-01-23 07:11:54	AddOrReplaceReadGroups	Processed   476,000,000 records.  Elapsed time: 02:18:47s.  Time for last 1,000,000:   17s.  Last read position: KB743356.1:270,585
INFO	2016-01-23 07:12:12	AddOrReplaceReadGroups	Processed   477,000,000 records.  Elapsed time: 02:19:04s.  Time for last 1,000,000:   17s.  Last read position: KB743612.1:462,373
INFO	2016-01-23 07:12:30	AddOrReplaceReadGroups	Processed   478,000,000 records.  Elapsed time: 02:19:22s.  Time for last 1,000,000:   17s.  Last read position: KB743885.1:650,271
INFO	2016-01-23 07:12:47	AddOrReplaceReadGroups	Processed   479,000,000 records.  Elapsed time: 02:19:39s.  Time for last 1,000,000:   17s.  Last read position: KB744198.1:919,881
INFO	2016-01-23 07:13:04	AddOrReplaceReadGroups	Processed   480,000,000 records.  Elapsed time: 02:19:57s.  Time for last 1,000,000:   17s.  Last read position: KB742647.1:100,898
INFO	2016-01-23 07:13:22	AddOrReplaceReadGroups	Processed   481,000,000 records.  Elapsed time: 02:20:14s.  Time for last 1,000,000:   17s.  Last read position: KB742397.1:353,951
INFO	2016-01-23 07:13:40	AddOrReplaceReadGroups	Processed   482,000,000 records.  Elapsed time: 02:20:32s.  Time for last 1,000,000:   17s.  Last read position: KB742981.1:617,902
INFO	2016-01-23 07:13:57	AddOrReplaceReadGroups	Processed   483,000,000 records.  Elapsed time: 02:20:49s.  Time for last 1,000,000:   17s.  Last read position: KB743316.1:884,706
INFO	2016-01-23 07:14:15	AddOrReplaceReadGroups	Processed   484,000,000 records.  Elapsed time: 02:21:07s.  Time for last 1,000,000:   17s.  Last read position: KB743009.1:80,557
INFO	2016-01-23 07:14:32	AddOrReplaceReadGroups	Processed   485,000,000 records.  Elapsed time: 02:21:25s.  Time for last 1,000,000:   17s.  Last read position: KB742575.1:424,234
INFO	2016-01-23 07:14:50	AddOrReplaceReadGroups	Processed   486,000,000 records.  Elapsed time: 02:21:43s.  Time for last 1,000,000:   17s.  Last read position: KB742468.1:692,429
INFO	2016-01-23 07:15:08	AddOrReplaceReadGroups	Processed   487,000,000 records.  Elapsed time: 02:22:00s.  Time for last 1,000,000:   17s.  Last read position: KB742877.1:996,974
INFO	2016-01-23 07:15:25	AddOrReplaceReadGroups	Processed   488,000,000 records.  Elapsed time: 02:22:18s.  Time for last 1,000,000:   17s.  Last read position: KB742645.1:219,621
INFO	2016-01-23 07:15:43	AddOrReplaceReadGroups	Processed   489,000,000 records.  Elapsed time: 02:22:35s.  Time for last 1,000,000:   17s.  Last read position: KB744077.1:508,329
INFO	2016-01-23 07:16:00	AddOrReplaceReadGroups	Processed   490,000,000 records.  Elapsed time: 02:22:52s.  Time for last 1,000,000:   17s.  Last read position: KB743056.1:855,235
INFO	2016-01-23 07:16:18	AddOrReplaceReadGroups	Processed   491,000,000 records.  Elapsed time: 02:23:10s.  Time for last 1,000,000:   17s.  Last read position: KB742798.1:169,980
INFO	2016-01-23 07:16:35	AddOrReplaceReadGroups	Processed   492,000,000 records.  Elapsed time: 02:23:28s.  Time for last 1,000,000:   17s.  Last read position: KB742616.1:498,999
INFO	2016-01-23 07:16:53	AddOrReplaceReadGroups	Processed   493,000,000 records.  Elapsed time: 02:23:46s.  Time for last 1,000,000:   17s.  Last read position: KB743977.1:859,142
INFO	2016-01-23 07:17:11	AddOrReplaceReadGroups	Processed   494,000,000 records.  Elapsed time: 02:24:03s.  Time for last 1,000,000:   17s.  Last read position: KB742860.1:170,846
INFO	2016-01-23 07:17:29	AddOrReplaceReadGroups	Processed   495,000,000 records.  Elapsed time: 02:24:21s.  Time for last 1,000,000:   17s.  Last read position: KB743289.1:507,869
INFO	2016-01-23 07:17:46	AddOrReplaceReadGroups	Processed   496,000,000 records.  Elapsed time: 02:24:38s.  Time for last 1,000,000:   17s.  Last read position: KB743007.1:841,491
INFO	2016-01-23 07:18:03	AddOrReplaceReadGroups	Processed   497,000,000 records.  Elapsed time: 02:24:56s.  Time for last 1,000,000:   17s.  Last read position: KB744292.1:120,078
INFO	2016-01-23 07:18:21	AddOrReplaceReadGroups	Processed   498,000,000 records.  Elapsed time: 02:25:13s.  Time for last 1,000,000:   17s.  Last read position: KB743395.1:422,417
INFO	2016-01-23 07:18:38	AddOrReplaceReadGroups	Processed   499,000,000 records.  Elapsed time: 02:25:31s.  Time for last 1,000,000:   17s.  Last read position: KB742955.1:677,392
INFO	2016-01-23 07:18:56	AddOrReplaceReadGroups	Processed   500,000,000 records.  Elapsed time: 02:25:49s.  Time for last 1,000,000:   17s.  Last read position: KB743456.1:45,455
INFO	2016-01-23 07:19:14	AddOrReplaceReadGroups	Processed   501,000,000 records.  Elapsed time: 02:26:06s.  Time for last 1,000,000:   17s.  Last read position: KB742563.1:439,952
INFO	2016-01-23 07:19:31	AddOrReplaceReadGroups	Processed   502,000,000 records.  Elapsed time: 02:26:24s.  Time for last 1,000,000:   17s.  Last read position: KB742904.1:781,191
INFO	2016-01-23 07:19:49	AddOrReplaceReadGroups	Processed   503,000,000 records.  Elapsed time: 02:26:41s.  Time for last 1,000,000:   17s.  Last read position: KB742446.1:221,071
INFO	2016-01-23 07:20:06	AddOrReplaceReadGroups	Processed   504,000,000 records.  Elapsed time: 02:26:58s.  Time for last 1,000,000:   17s.  Last read position: KB742918.1:578,188
INFO	2016-01-23 07:20:23	AddOrReplaceReadGroups	Processed   505,000,000 records.  Elapsed time: 02:27:16s.  Time for last 1,000,000:   17s.  Last read position: KB743006.1:52,594
INFO	2016-01-23 07:20:41	AddOrReplaceReadGroups	Processed   506,000,000 records.  Elapsed time: 02:27:33s.  Time for last 1,000,000:   17s.  Last read position: KB742800.1:440,183
INFO	2016-01-23 07:20:58	AddOrReplaceReadGroups	Processed   507,000,000 records.  Elapsed time: 02:27:51s.  Time for last 1,000,000:   17s.  Last read position: KB743013.1:789,896
INFO	2016-01-23 07:21:16	AddOrReplaceReadGroups	Processed   508,000,000 records.  Elapsed time: 02:28:08s.  Time for last 1,000,000:   17s.  Last read position: KB743410.1:282,166
INFO	2016-01-23 07:21:33	AddOrReplaceReadGroups	Processed   509,000,000 records.  Elapsed time: 02:28:25s.  Time for last 1,000,000:   17s.  Last read position: KB742934.1:639,243
INFO	2016-01-23 07:21:50	AddOrReplaceReadGroups	Processed   510,000,000 records.  Elapsed time: 02:28:43s.  Time for last 1,000,000:   17s.  Last read position: KB742569.1:40,431
INFO	2016-01-23 07:22:08	AddOrReplaceReadGroups	Processed   511,000,000 records.  Elapsed time: 02:29:00s.  Time for last 1,000,000:   17s.  Last read position: KB743030.1:427,016
INFO	2016-01-23 07:22:25	AddOrReplaceReadGroups	Processed   512,000,000 records.  Elapsed time: 02:29:18s.  Time for last 1,000,000:   17s.  Last read position: KB744232.1:803,279
INFO	2016-01-23 07:22:43	AddOrReplaceReadGroups	Processed   513,000,000 records.  Elapsed time: 02:29:35s.  Time for last 1,000,000:   17s.  Last read position: KB742596.1:285,130
INFO	2016-01-23 07:23:00	AddOrReplaceReadGroups	Processed   514,000,000 records.  Elapsed time: 02:29:52s.  Time for last 1,000,000:   16s.  Last read position: KB742414.1:281,526
INFO	2016-01-23 07:23:17	AddOrReplaceReadGroups	Processed   515,000,000 records.  Elapsed time: 02:30:10s.  Time for last 1,000,000:   17s.  Last read position: KB742540.1:647,411
INFO	2016-01-23 07:23:35	AddOrReplaceReadGroups	Processed   516,000,000 records.  Elapsed time: 02:30:28s.  Time for last 1,000,000:   17s.  Last read position: KB743571.1:148,430
INFO	2016-01-23 07:23:53	AddOrReplaceReadGroups	Processed   517,000,000 records.  Elapsed time: 02:30:45s.  Time for last 1,000,000:   17s.  Last read position: KB743571.1:914,729
INFO	2016-01-23 07:24:10	AddOrReplaceReadGroups	Processed   518,000,000 records.  Elapsed time: 02:31:03s.  Time for last 1,000,000:   17s.  Last read position: KB742722.1:353,022
INFO	2016-01-23 07:24:28	AddOrReplaceReadGroups	Processed   519,000,000 records.  Elapsed time: 02:31:21s.  Time for last 1,000,000:   18s.  Last read position: KB742823.1:887,112
INFO	2016-01-23 07:24:46	AddOrReplaceReadGroups	Processed   520,000,000 records.  Elapsed time: 02:31:38s.  Time for last 1,000,000:   17s.  Last read position: KB742456.1:381,930
INFO	2016-01-23 07:25:04	AddOrReplaceReadGroups	Processed   521,000,000 records.  Elapsed time: 02:31:56s.  Time for last 1,000,000:   17s.  Last read position: KB742849.1:778,537
INFO	2016-01-23 07:25:21	AddOrReplaceReadGroups	Processed   522,000,000 records.  Elapsed time: 02:32:14s.  Time for last 1,000,000:   17s.  Last read position: KB742851.1:352,154
INFO	2016-01-23 07:25:39	AddOrReplaceReadGroups	Processed   523,000,000 records.  Elapsed time: 02:32:31s.  Time for last 1,000,000:   17s.  Last read position: KB743575.1:768,785
INFO	2016-01-23 07:25:56	AddOrReplaceReadGroups	Processed   524,000,000 records.  Elapsed time: 02:32:49s.  Time for last 1,000,000:   17s.  Last read position: KB743352.1:347,777
INFO	2016-01-23 07:26:14	AddOrReplaceReadGroups	Processed   525,000,000 records.  Elapsed time: 02:33:06s.  Time for last 1,000,000:   17s.  Last read position: KB743564.1:706,833
INFO	2016-01-23 07:26:32	AddOrReplaceReadGroups	Processed   526,000,000 records.  Elapsed time: 02:33:24s.  Time for last 1,000,000:   17s.  Last read position: KB742542.1:291,233
INFO	2016-01-23 07:26:50	AddOrReplaceReadGroups	Processed   527,000,000 records.  Elapsed time: 02:33:42s.  Time for last 1,000,000:   17s.  Last read position: KB744955.1:663,912
INFO	2016-01-23 07:27:07	AddOrReplaceReadGroups	Processed   528,000,000 records.  Elapsed time: 02:34:00s.  Time for last 1,000,000:   17s.  Last read position: KB742725.1:202,336
INFO	2016-01-23 07:27:25	AddOrReplaceReadGroups	Processed   529,000,000 records.  Elapsed time: 02:34:17s.  Time for last 1,000,000:   17s.  Last read position: KB742809.1:649,175
INFO	2016-01-23 07:27:42	AddOrReplaceReadGroups	Processed   530,000,000 records.  Elapsed time: 02:34:35s.  Time for last 1,000,000:   17s.  Last read position: KB743053.1:26,358
INFO	2016-01-23 07:28:00	AddOrReplaceReadGroups	Processed   531,000,000 records.  Elapsed time: 02:34:52s.  Time for last 1,000,000:   17s.  Last read position: KB743307.1:471,091
INFO	2016-01-23 07:28:17	AddOrReplaceReadGroups	Processed   532,000,000 records.  Elapsed time: 02:35:10s.  Time for last 1,000,000:   17s.  Last read position: KB742398.1:145,268
INFO	2016-01-23 07:28:35	AddOrReplaceReadGroups	Processed   533,000,000 records.  Elapsed time: 02:35:27s.  Time for last 1,000,000:   17s.  Last read position: KB742983.1:679,505
INFO	2016-01-23 07:28:52	AddOrReplaceReadGroups	Processed   534,000,000 records.  Elapsed time: 02:35:45s.  Time for last 1,000,000:   17s.  Last read position: KB743696.1:281,338
INFO	2016-01-23 07:29:10	AddOrReplaceReadGroups	Processed   535,000,000 records.  Elapsed time: 02:36:02s.  Time for last 1,000,000:   17s.  Last read position: KB743399.1:19,947
INFO	2016-01-23 07:29:28	AddOrReplaceReadGroups	Processed   536,000,000 records.  Elapsed time: 02:36:20s.  Time for last 1,000,000:   17s.  Last read position: KB742630.1:517,295
INFO	2016-01-23 07:29:45	AddOrReplaceReadGroups	Processed   537,000,000 records.  Elapsed time: 02:36:38s.  Time for last 1,000,000:   17s.  Last read position: KB744139.1:194,074
INFO	2016-01-23 07:30:03	AddOrReplaceReadGroups	Processed   538,000,000 records.  Elapsed time: 02:36:55s.  Time for last 1,000,000:   17s.  Last read position: KB743198.1:622,840
INFO	2016-01-23 07:30:21	AddOrReplaceReadGroups	Processed   539,000,000 records.  Elapsed time: 02:37:13s.  Time for last 1,000,000:   17s.  Last read position: KB743434.1:245,639
INFO	2016-01-23 07:30:38	AddOrReplaceReadGroups	Processed   540,000,000 records.  Elapsed time: 02:37:30s.  Time for last 1,000,000:   17s.  Last read position: KB742667.1:735,404
INFO	2016-01-23 07:30:56	AddOrReplaceReadGroups	Processed   541,000,000 records.  Elapsed time: 02:37:48s.  Time for last 1,000,000:   17s.  Last read position: KB743458.1:435,914
INFO	2016-01-23 07:31:14	AddOrReplaceReadGroups	Processed   542,000,000 records.  Elapsed time: 02:38:06s.  Time for last 1,000,000:   17s.  Last read position: KB743162.1:159,004
INFO	2016-01-23 07:31:31	AddOrReplaceReadGroups	Processed   543,000,000 records.  Elapsed time: 02:38:24s.  Time for last 1,000,000:   17s.  Last read position: KB742891.1:664,302
INFO	2016-01-23 07:31:49	AddOrReplaceReadGroups	Processed   544,000,000 records.  Elapsed time: 02:38:41s.  Time for last 1,000,000:   17s.  Last read position: KB742643.1:367,817
INFO	2016-01-23 07:32:06	AddOrReplaceReadGroups	Processed   545,000,000 records.  Elapsed time: 02:38:59s.  Time for last 1,000,000:   17s.  Last read position: KB743396.1:84,522
INFO	2016-01-23 07:32:24	AddOrReplaceReadGroups	Processed   546,000,000 records.  Elapsed time: 02:39:16s.  Time for last 1,000,000:   17s.  Last read position: KB742679.1:577,604
INFO	2016-01-23 07:32:41	AddOrReplaceReadGroups	Processed   547,000,000 records.  Elapsed time: 02:39:34s.  Time for last 1,000,000:   17s.  Last read position: KB744458.1:313,436
INFO	2016-01-23 07:32:59	AddOrReplaceReadGroups	Processed   548,000,000 records.  Elapsed time: 02:39:51s.  Time for last 1,000,000:   17s.  Last read position: KB743511.1:40,805
INFO	2016-01-23 07:33:16	AddOrReplaceReadGroups	Processed   549,000,000 records.  Elapsed time: 02:40:09s.  Time for last 1,000,000:   17s.  Last read position: KB742428.1:554,073
INFO	2016-01-23 07:33:34	AddOrReplaceReadGroups	Processed   550,000,000 records.  Elapsed time: 02:40:26s.  Time for last 1,000,000:   17s.  Last read position: KB744430.1:335,364
INFO	2016-01-23 07:33:52	AddOrReplaceReadGroups	Processed   551,000,000 records.  Elapsed time: 02:40:44s.  Time for last 1,000,000:   17s.  Last read position: KB742599.1:94,617
INFO	2016-01-23 07:34:10	AddOrReplaceReadGroups	Processed   552,000,000 records.  Elapsed time: 02:41:02s.  Time for last 1,000,000:   17s.  Last read position: KB743109.1:647,082
INFO	2016-01-23 07:34:27	AddOrReplaceReadGroups	Processed   553,000,000 records.  Elapsed time: 02:41:20s.  Time for last 1,000,000:   17s.  Last read position: KB745141.1:400,789
INFO	2016-01-23 07:34:45	AddOrReplaceReadGroups	Processed   554,000,000 records.  Elapsed time: 02:41:37s.  Time for last 1,000,000:   17s.  Last read position: KB743601.1:161,807
INFO	2016-01-23 07:35:02	AddOrReplaceReadGroups	Processed   555,000,000 records.  Elapsed time: 02:41:55s.  Time for last 1,000,000:   17s.  Last read position: KB743614.1:716,732
INFO	2016-01-23 07:35:20	AddOrReplaceReadGroups	Processed   556,000,000 records.  Elapsed time: 02:42:12s.  Time for last 1,000,000:   17s.  Last read position: KB743722.1:483,754
INFO	2016-01-23 07:35:37	AddOrReplaceReadGroups	Processed   557,000,000 records.  Elapsed time: 02:42:30s.  Time for last 1,000,000:   17s.  Last read position: KB743739.1:249,647
INFO	2016-01-23 07:35:55	AddOrReplaceReadGroups	Processed   558,000,000 records.  Elapsed time: 02:42:47s.  Time for last 1,000,000:   17s.  Last read position: KB742778.1:727,271
INFO	2016-01-23 07:36:12	AddOrReplaceReadGroups	Processed   559,000,000 records.  Elapsed time: 02:43:05s.  Time for last 1,000,000:   17s.  Last read position: KB742391.1:496,545
INFO	2016-01-23 07:36:30	AddOrReplaceReadGroups	Processed   560,000,000 records.  Elapsed time: 02:43:23s.  Time for last 1,000,000:   17s.  Last read position: KB742951.1:276,435
INFO	2016-01-23 07:36:48	AddOrReplaceReadGroups	Processed   561,000,000 records.  Elapsed time: 02:43:40s.  Time for last 1,000,000:   17s.  Last read position: KB742842.1:22,904
INFO	2016-01-23 07:37:05	AddOrReplaceReadGroups	Processed   562,000,000 records.  Elapsed time: 02:43:57s.  Time for last 1,000,000:   17s.  Last read position: KB743121.1:553,255
INFO	2016-01-23 07:37:23	AddOrReplaceReadGroups	Processed   563,000,000 records.  Elapsed time: 02:44:15s.  Time for last 1,000,000:   17s.  Last read position: KB742383.1:413,134
INFO	2016-01-23 07:37:40	AddOrReplaceReadGroups	Processed   564,000,000 records.  Elapsed time: 02:44:32s.  Time for last 1,000,000:   17s.  Last read position: KB743228.1:237,493
INFO	2016-01-23 07:37:58	AddOrReplaceReadGroups	Processed   565,000,000 records.  Elapsed time: 02:44:50s.  Time for last 1,000,000:   17s.  Last read position: KB742828.1:131,585
INFO	2016-01-23 07:38:16	AddOrReplaceReadGroups	Processed   566,000,000 records.  Elapsed time: 02:45:08s.  Time for last 1,000,000:   17s.  Last read position: KB744208.1:712,998
INFO	2016-01-23 07:38:33	AddOrReplaceReadGroups	Processed   567,000,000 records.  Elapsed time: 02:45:26s.  Time for last 1,000,000:   17s.  Last read position: KB742676.1:545,459
INFO	2016-01-23 07:38:51	AddOrReplaceReadGroups	Processed   568,000,000 records.  Elapsed time: 02:45:43s.  Time for last 1,000,000:   17s.  Last read position: KB744353.1:391,221
INFO	2016-01-23 07:39:09	AddOrReplaceReadGroups	Processed   569,000,000 records.  Elapsed time: 02:46:01s.  Time for last 1,000,000:   17s.  Last read position: KB742486.1:204,967
INFO	2016-01-23 07:39:26	AddOrReplaceReadGroups	Processed   570,000,000 records.  Elapsed time: 02:46:19s.  Time for last 1,000,000:   17s.  Last read position: KB744486.1:47,058
INFO	2016-01-23 07:39:44	AddOrReplaceReadGroups	Processed   571,000,000 records.  Elapsed time: 02:46:36s.  Time for last 1,000,000:   17s.  Last read position: KB742946.1:637,246
INFO	2016-01-23 07:40:01	AddOrReplaceReadGroups	Processed   572,000,000 records.  Elapsed time: 02:46:54s.  Time for last 1,000,000:   17s.  Last read position: KB744429.1:484,463
INFO	2016-01-23 07:40:19	AddOrReplaceReadGroups	Processed   573,000,000 records.  Elapsed time: 02:47:11s.  Time for last 1,000,000:   17s.  Last read position: KB743060.1:358,166
INFO	2016-01-23 07:40:37	AddOrReplaceReadGroups	Processed   574,000,000 records.  Elapsed time: 02:47:29s.  Time for last 1,000,000:   17s.  Last read position: KB743359.1:213,238
INFO	2016-01-23 07:40:54	AddOrReplaceReadGroups	Processed   575,000,000 records.  Elapsed time: 02:47:47s.  Time for last 1,000,000:   17s.  Last read position: KB743578.1:256,422
INFO	2016-01-23 07:41:12	AddOrReplaceReadGroups	Processed   576,000,000 records.  Elapsed time: 02:48:04s.  Time for last 1,000,000:   17s.  Last read position: KB742628.1:175,383
INFO	2016-01-23 07:41:30	AddOrReplaceReadGroups	Processed   577,000,000 records.  Elapsed time: 02:48:22s.  Time for last 1,000,000:   17s.  Last read position: KB743973.1:45,761
INFO	2016-01-23 07:41:47	AddOrReplaceReadGroups	Processed   578,000,000 records.  Elapsed time: 02:48:40s.  Time for last 1,000,000:   17s.  Last read position: KB743518.1:661,022
INFO	2016-01-23 07:42:04	AddOrReplaceReadGroups	Processed   579,000,000 records.  Elapsed time: 02:48:57s.  Time for last 1,000,000:   17s.  Last read position: KB745378.1:476,017
INFO	2016-01-23 07:42:22	AddOrReplaceReadGroups	Processed   580,000,000 records.  Elapsed time: 02:49:15s.  Time for last 1,000,000:   17s.  Last read position: KB743108.1:354,401
INFO	2016-01-23 07:42:40	AddOrReplaceReadGroups	Processed   581,000,000 records.  Elapsed time: 02:49:32s.  Time for last 1,000,000:   17s.  Last read position: KB743633.1:316,342
INFO	2016-01-23 07:42:57	AddOrReplaceReadGroups	Processed   582,000,000 records.  Elapsed time: 02:49:50s.  Time for last 1,000,000:   17s.  Last read position: KB742551.1:322,095
INFO	2016-01-23 07:43:15	AddOrReplaceReadGroups	Processed   583,000,000 records.  Elapsed time: 02:50:07s.  Time for last 1,000,000:   17s.  Last read position: KB743745.1:254,809
INFO	2016-01-23 07:43:33	AddOrReplaceReadGroups	Processed   584,000,000 records.  Elapsed time: 02:50:25s.  Time for last 1,000,000:   17s.  Last read position: KB744558.1:294,087
INFO	2016-01-23 07:43:51	AddOrReplaceReadGroups	Processed   585,000,000 records.  Elapsed time: 02:50:43s.  Time for last 1,000,000:   17s.  Last read position: KB743459.1:301,429
INFO	2016-01-23 07:44:08	AddOrReplaceReadGroups	Processed   586,000,000 records.  Elapsed time: 02:51:01s.  Time for last 1,000,000:   17s.  Last read position: KB744243.1:296,705
INFO	2016-01-23 07:44:26	AddOrReplaceReadGroups	Processed   587,000,000 records.  Elapsed time: 02:51:18s.  Time for last 1,000,000:   17s.  Last read position: KB744125.1:304,240
INFO	2016-01-23 07:44:43	AddOrReplaceReadGroups	Processed   588,000,000 records.  Elapsed time: 02:51:36s.  Time for last 1,000,000:   17s.  Last read position: KB742742.1:334,014
INFO	2016-01-23 07:45:01	AddOrReplaceReadGroups	Processed   589,000,000 records.  Elapsed time: 02:51:53s.  Time for last 1,000,000:   17s.  Last read position: KB744961.1:310,909
INFO	2016-01-23 07:45:18	AddOrReplaceReadGroups	Processed   590,000,000 records.  Elapsed time: 02:52:11s.  Time for last 1,000,000:   17s.  Last read position: KB743828.1:333,515
INFO	2016-01-23 07:45:36	AddOrReplaceReadGroups	Processed   591,000,000 records.  Elapsed time: 02:52:29s.  Time for last 1,000,000:   17s.  Last read position: KB743304.1:311,865
INFO	2016-01-23 07:45:54	AddOrReplaceReadGroups	Processed   592,000,000 records.  Elapsed time: 02:52:46s.  Time for last 1,000,000:   17s.  Last read position: KB743534.1:334,334
INFO	2016-01-23 07:46:12	AddOrReplaceReadGroups	Processed   593,000,000 records.  Elapsed time: 02:53:04s.  Time for last 1,000,000:   17s.  Last read position: KB742890.1:317,851
INFO	2016-01-23 07:46:30	AddOrReplaceReadGroups	Processed   594,000,000 records.  Elapsed time: 02:53:22s.  Time for last 1,000,000:   17s.  Last read position: KB746795.1:321,454
INFO	2016-01-23 07:46:47	AddOrReplaceReadGroups	Processed   595,000,000 records.  Elapsed time: 02:53:39s.  Time for last 1,000,000:   17s.  Last read position: KB743868.1:367,262
INFO	2016-01-23 07:47:05	AddOrReplaceReadGroups	Processed   596,000,000 records.  Elapsed time: 02:53:57s.  Time for last 1,000,000:   17s.  Last read position: KB743057.1:467,785
INFO	2016-01-23 07:47:22	AddOrReplaceReadGroups	Processed   597,000,000 records.  Elapsed time: 02:54:15s.  Time for last 1,000,000:   17s.  Last read position: KB742740.1:490,207
INFO	2016-01-23 07:47:40	AddOrReplaceReadGroups	Processed   598,000,000 records.  Elapsed time: 02:54:33s.  Time for last 1,000,000:   17s.  Last read position: KB742726.1:70,191
INFO	2016-01-23 07:47:58	AddOrReplaceReadGroups	Processed   599,000,000 records.  Elapsed time: 02:54:50s.  Time for last 1,000,000:   17s.  Last read position: KB744435.1:221,544
INFO	2016-01-23 07:48:16	AddOrReplaceReadGroups	Processed   600,000,000 records.  Elapsed time: 02:55:08s.  Time for last 1,000,000:   17s.  Last read position: KB742574.1:338,972
INFO	2016-01-23 07:48:34	AddOrReplaceReadGroups	Processed   601,000,000 records.  Elapsed time: 02:55:26s.  Time for last 1,000,000:   17s.  Last read position: KB742635.1:407,244
INFO	2016-01-23 07:48:52	AddOrReplaceReadGroups	Processed   602,000,000 records.  Elapsed time: 02:55:44s.  Time for last 1,000,000:   17s.  Last read position: KB742921.1:569,249
INFO	2016-01-23 07:49:09	AddOrReplaceReadGroups	Processed   603,000,000 records.  Elapsed time: 02:56:01s.  Time for last 1,000,000:   17s.  Last read position: KB744293.1:4,888
INFO	2016-01-23 07:49:27	AddOrReplaceReadGroups	Processed   604,000,000 records.  Elapsed time: 02:56:19s.  Time for last 1,000,000:   17s.  Last read position: KB744209.1:132,030
INFO	2016-01-23 07:49:44	AddOrReplaceReadGroups	Processed   605,000,000 records.  Elapsed time: 02:56:37s.  Time for last 1,000,000:   17s.  Last read position: KB742705.1:210,929
INFO	2016-01-23 07:50:02	AddOrReplaceReadGroups	Processed   606,000,000 records.  Elapsed time: 02:56:54s.  Time for last 1,000,000:   17s.  Last read position: KB742933.1:307,443
INFO	2016-01-23 07:50:19	AddOrReplaceReadGroups	Processed   607,000,000 records.  Elapsed time: 02:57:12s.  Time for last 1,000,000:   17s.  Last read position: KB743572.1:406,360
INFO	2016-01-23 07:50:37	AddOrReplaceReadGroups	Processed   608,000,000 records.  Elapsed time: 02:57:29s.  Time for last 1,000,000:   17s.  Last read position: KB742640.1:28,762
INFO	2016-01-23 07:50:54	AddOrReplaceReadGroups	Processed   609,000,000 records.  Elapsed time: 02:57:47s.  Time for last 1,000,000:   17s.  Last read position: KB743441.1:129,389
INFO	2016-01-23 07:51:12	AddOrReplaceReadGroups	Processed   610,000,000 records.  Elapsed time: 02:58:04s.  Time for last 1,000,000:   17s.  Last read position: KB743545.1:255,921
INFO	2016-01-23 07:51:29	AddOrReplaceReadGroups	Processed   611,000,000 records.  Elapsed time: 02:58:22s.  Time for last 1,000,000:   17s.  Last read position: KB744115.1:357,329
INFO	2016-01-23 07:51:47	AddOrReplaceReadGroups	Processed   612,000,000 records.  Elapsed time: 02:58:39s.  Time for last 1,000,000:   17s.  Last read position: KB743365.1:483,836
INFO	2016-01-23 07:52:05	AddOrReplaceReadGroups	Processed   613,000,000 records.  Elapsed time: 02:58:57s.  Time for last 1,000,000:   17s.  Last read position: KB743426.1:96,458
INFO	2016-01-23 07:52:22	AddOrReplaceReadGroups	Processed   614,000,000 records.  Elapsed time: 02:59:15s.  Time for last 1,000,000:   17s.  Last read position: KB743103.1:200,111
INFO	2016-01-23 07:52:40	AddOrReplaceReadGroups	Processed   615,000,000 records.  Elapsed time: 02:59:32s.  Time for last 1,000,000:   17s.  Last read position: KB742508.1:409,009
INFO	2016-01-23 07:52:57	AddOrReplaceReadGroups	Processed   616,000,000 records.  Elapsed time: 02:59:50s.  Time for last 1,000,000:   17s.  Last read position: KB743391.1:542,243
INFO	2016-01-23 07:53:15	AddOrReplaceReadGroups	Processed   617,000,000 records.  Elapsed time: 03:00:08s.  Time for last 1,000,000:   17s.  Last read position: KB746632.1:236,340
INFO	2016-01-23 07:53:33	AddOrReplaceReadGroups	Processed   618,000,000 records.  Elapsed time: 03:00:25s.  Time for last 1,000,000:   17s.  Last read position: KB743629.1:333,865
INFO	2016-01-23 07:53:50	AddOrReplaceReadGroups	Processed   619,000,000 records.  Elapsed time: 03:00:43s.  Time for last 1,000,000:   17s.  Last read position: KB742547.1:465,158
INFO	2016-01-23 07:54:07	AddOrReplaceReadGroups	Processed   620,000,000 records.  Elapsed time: 03:00:59s.  Time for last 1,000,000:   16s.  Last read position: KB743886.1:345,594
INFO	2016-01-23 07:54:23	AddOrReplaceReadGroups	Processed   621,000,000 records.  Elapsed time: 03:01:15s.  Time for last 1,000,000:   15s.  Last read position: KB743886.1:348,349
INFO	2016-01-23 07:54:39	AddOrReplaceReadGroups	Processed   622,000,000 records.  Elapsed time: 03:01:32s.  Time for last 1,000,000:   16s.  Last read position: KB742583.1:174,995
INFO	2016-01-23 07:54:57	AddOrReplaceReadGroups	Processed   623,000,000 records.  Elapsed time: 03:01:49s.  Time for last 1,000,000:   17s.  Last read position: KB743241.1:312,151
INFO	2016-01-23 07:55:14	AddOrReplaceReadGroups	Processed   624,000,000 records.  Elapsed time: 03:02:07s.  Time for last 1,000,000:   17s.  Last read position: KB743360.1:472,089
INFO	2016-01-23 07:55:32	AddOrReplaceReadGroups	Processed   625,000,000 records.  Elapsed time: 03:02:24s.  Time for last 1,000,000:   17s.  Last read position: KB744749.1:85,352
INFO	2016-01-23 07:55:50	AddOrReplaceReadGroups	Processed   626,000,000 records.  Elapsed time: 03:02:42s.  Time for last 1,000,000:   17s.  Last read position: KB742421.1:315,501
INFO	2016-01-23 07:56:07	AddOrReplaceReadGroups	Processed   627,000,000 records.  Elapsed time: 03:02:59s.  Time for last 1,000,000:   17s.  Last read position: KB743949.1:18,606
INFO	2016-01-23 07:56:25	AddOrReplaceReadGroups	Processed   628,000,000 records.  Elapsed time: 03:03:17s.  Time for last 1,000,000:   17s.  Last read position: KB744270.1:185,901
INFO	2016-01-23 07:56:42	AddOrReplaceReadGroups	Processed   629,000,000 records.  Elapsed time: 03:03:35s.  Time for last 1,000,000:   17s.  Last read position: KB743149.1:406,086
INFO	2016-01-23 07:57:00	AddOrReplaceReadGroups	Processed   630,000,000 records.  Elapsed time: 03:03:52s.  Time for last 1,000,000:   17s.  Last read position: KB743595.1:73,432
INFO	2016-01-23 07:57:17	AddOrReplaceReadGroups	Processed   631,000,000 records.  Elapsed time: 03:04:10s.  Time for last 1,000,000:   17s.  Last read position: KB742697.1:328,220
INFO	2016-01-23 07:57:35	AddOrReplaceReadGroups	Processed   632,000,000 records.  Elapsed time: 03:04:27s.  Time for last 1,000,000:   17s.  Last read position: KB744162.1:541,159
INFO	2016-01-23 07:57:52	AddOrReplaceReadGroups	Processed   633,000,000 records.  Elapsed time: 03:04:45s.  Time for last 1,000,000:   17s.  Last read position: KB744553.1:148,965
INFO	2016-01-23 07:58:10	AddOrReplaceReadGroups	Processed   634,000,000 records.  Elapsed time: 03:05:02s.  Time for last 1,000,000:   17s.  Last read position: KB742746.1:340,039
INFO	2016-01-23 07:58:28	AddOrReplaceReadGroups	Processed   635,000,000 records.  Elapsed time: 03:05:20s.  Time for last 1,000,000:   17s.  Last read position: KB742870.1:164,456
INFO	2016-01-23 07:58:46	AddOrReplaceReadGroups	Processed   636,000,000 records.  Elapsed time: 03:05:38s.  Time for last 1,000,000:   18s.  Last read position: KB743912.1:444,292
INFO	2016-01-23 07:59:03	AddOrReplaceReadGroups	Processed   637,000,000 records.  Elapsed time: 03:05:56s.  Time for last 1,000,000:   17s.  Last read position: KB744345.1:185,201
INFO	2016-01-23 07:59:21	AddOrReplaceReadGroups	Processed   638,000,000 records.  Elapsed time: 03:06:13s.  Time for last 1,000,000:   17s.  Last read position: KB743929.1:469,107
INFO	2016-01-23 07:59:39	AddOrReplaceReadGroups	Processed   639,000,000 records.  Elapsed time: 03:06:31s.  Time for last 1,000,000:   17s.  Last read position: KB743721.1:205,497
INFO	2016-01-23 07:59:56	AddOrReplaceReadGroups	Processed   640,000,000 records.  Elapsed time: 03:06:48s.  Time for last 1,000,000:   17s.  Last read position: KB742956.1:504,285
INFO	2016-01-23 08:00:13	AddOrReplaceReadGroups	Processed   641,000,000 records.  Elapsed time: 03:07:06s.  Time for last 1,000,000:   17s.  Last read position: KB742960.1:285,901
INFO	2016-01-23 08:00:31	AddOrReplaceReadGroups	Processed   642,000,000 records.  Elapsed time: 03:07:23s.  Time for last 1,000,000:   17s.  Last read position: KB744057.1:60,738
INFO	2016-01-23 08:00:49	AddOrReplaceReadGroups	Processed   643,000,000 records.  Elapsed time: 03:07:41s.  Time for last 1,000,000:   17s.  Last read position: KB744332.1:339,752
INFO	2016-01-23 08:01:06	AddOrReplaceReadGroups	Processed   644,000,000 records.  Elapsed time: 03:07:59s.  Time for last 1,000,000:   17s.  Last read position: KB746070.1:101,943
INFO	2016-01-23 08:01:24	AddOrReplaceReadGroups	Processed   645,000,000 records.  Elapsed time: 03:08:16s.  Time for last 1,000,000:   17s.  Last read position: KB742844.1:395,230
INFO	2016-01-23 08:01:42	AddOrReplaceReadGroups	Processed   646,000,000 records.  Elapsed time: 03:08:34s.  Time for last 1,000,000:   17s.  Last read position: KB745056.1:199,732
INFO	2016-01-23 08:01:59	AddOrReplaceReadGroups	Processed   647,000,000 records.  Elapsed time: 03:08:51s.  Time for last 1,000,000:   17s.  Last read position: KB744588.1:507,306
INFO	2016-01-23 08:02:17	AddOrReplaceReadGroups	Processed   648,000,000 records.  Elapsed time: 03:09:09s.  Time for last 1,000,000:   17s.  Last read position: KB742770.1:382,869
INFO	2016-01-23 08:02:35	AddOrReplaceReadGroups	Processed   649,000,000 records.  Elapsed time: 03:09:27s.  Time for last 1,000,000:   17s.  Last read position: KB744908.1:149,030
INFO	2016-01-23 08:02:52	AddOrReplaceReadGroups	Processed   650,000,000 records.  Elapsed time: 03:09:45s.  Time for last 1,000,000:   17s.  Last read position: KB744466.1:470,402
INFO	2016-01-23 08:03:10	AddOrReplaceReadGroups	Processed   651,000,000 records.  Elapsed time: 03:10:02s.  Time for last 1,000,000:   17s.  Last read position: KB743751.1:248,070
INFO	2016-01-23 08:03:27	AddOrReplaceReadGroups	Processed   652,000,000 records.  Elapsed time: 03:10:20s.  Time for last 1,000,000:   17s.  Last read position: KB745002.1:47,866
INFO	2016-01-23 08:03:45	AddOrReplaceReadGroups	Processed   653,000,000 records.  Elapsed time: 03:10:37s.  Time for last 1,000,000:   17s.  Last read position: KB742544.1:327,918
INFO	2016-01-23 08:04:02	AddOrReplaceReadGroups	Processed   654,000,000 records.  Elapsed time: 03:10:55s.  Time for last 1,000,000:   17s.  Last read position: KB742717.1:176,442
INFO	2016-01-23 08:04:20	AddOrReplaceReadGroups	Processed   655,000,000 records.  Elapsed time: 03:11:12s.  Time for last 1,000,000:   17s.  Last read position: KB743273.1:488,685
INFO	2016-01-23 08:04:37	AddOrReplaceReadGroups	Processed   656,000,000 records.  Elapsed time: 03:11:30s.  Time for last 1,000,000:   17s.  Last read position: KB743922.1:363,262
INFO	2016-01-23 08:04:55	AddOrReplaceReadGroups	Processed   657,000,000 records.  Elapsed time: 03:11:48s.  Time for last 1,000,000:   17s.  Last read position: KB744694.1:293,642
INFO	2016-01-23 08:05:13	AddOrReplaceReadGroups	Processed   658,000,000 records.  Elapsed time: 03:12:05s.  Time for last 1,000,000:   17s.  Last read position: KB743855.1:182,423
INFO	2016-01-23 08:05:31	AddOrReplaceReadGroups	Processed   659,000,000 records.  Elapsed time: 03:12:23s.  Time for last 1,000,000:   17s.  Last read position: KB743089.1:107,848
INFO	2016-01-23 08:05:49	AddOrReplaceReadGroups	Processed   660,000,000 records.  Elapsed time: 03:12:41s.  Time for last 1,000,000:   17s.  Last read position: KB744942.1:57,868
INFO	2016-01-23 08:06:06	AddOrReplaceReadGroups	Processed   661,000,000 records.  Elapsed time: 03:12:59s.  Time for last 1,000,000:   17s.  Last read position: KB743487.1:381,273
INFO	2016-01-23 08:06:24	AddOrReplaceReadGroups	Processed   662,000,000 records.  Elapsed time: 03:13:16s.  Time for last 1,000,000:   17s.  Last read position: KB743366.1:284,442
INFO	2016-01-23 08:06:42	AddOrReplaceReadGroups	Processed   663,000,000 records.  Elapsed time: 03:13:34s.  Time for last 1,000,000:   17s.  Last read position: KB742431.1:204,098
INFO	2016-01-23 08:06:59	AddOrReplaceReadGroups	Processed   664,000,000 records.  Elapsed time: 03:13:52s.  Time for last 1,000,000:   17s.  Last read position: KB744112.1:122,816
INFO	2016-01-23 08:07:17	AddOrReplaceReadGroups	Processed   665,000,000 records.  Elapsed time: 03:14:09s.  Time for last 1,000,000:   17s.  Last read position: KB743278.1:97,412
INFO	2016-01-23 08:07:34	AddOrReplaceReadGroups	Processed   666,000,000 records.  Elapsed time: 03:14:27s.  Time for last 1,000,000:   17s.  Last read position: KB742463.1:33,156
INFO	2016-01-23 08:07:52	AddOrReplaceReadGroups	Processed   667,000,000 records.  Elapsed time: 03:14:44s.  Time for last 1,000,000:   17s.  Last read position: KB742410.1:24,408
INFO	2016-01-23 08:08:10	AddOrReplaceReadGroups	Processed   668,000,000 records.  Elapsed time: 03:15:02s.  Time for last 1,000,000:   17s.  Last read position: KB743120.1:435,779
INFO	2016-01-23 08:08:27	AddOrReplaceReadGroups	Processed   669,000,000 records.  Elapsed time: 03:15:20s.  Time for last 1,000,000:   17s.  Last read position: KB744106.1:397,535
INFO	2016-01-23 08:08:45	AddOrReplaceReadGroups	Processed   670,000,000 records.  Elapsed time: 03:15:38s.  Time for last 1,000,000:   17s.  Last read position: KB744631.1:443,661
INFO	2016-01-23 08:09:03	AddOrReplaceReadGroups	Processed   671,000,000 records.  Elapsed time: 03:15:55s.  Time for last 1,000,000:   17s.  Last read position: KB743655.1:69,832
INFO	2016-01-23 08:09:21	AddOrReplaceReadGroups	Processed   672,000,000 records.  Elapsed time: 03:16:13s.  Time for last 1,000,000:   17s.  Last read position: KB743422.1:440,732
INFO	2016-01-23 08:09:38	AddOrReplaceReadGroups	Processed   673,000,000 records.  Elapsed time: 03:16:30s.  Time for last 1,000,000:   17s.  Last read position: KB743051.1:385,629
INFO	2016-01-23 08:09:55	AddOrReplaceReadGroups	Processed   674,000,000 records.  Elapsed time: 03:16:48s.  Time for last 1,000,000:   17s.  Last read position: KB743178.1:395,258
INFO	2016-01-23 08:10:13	AddOrReplaceReadGroups	Processed   675,000,000 records.  Elapsed time: 03:17:05s.  Time for last 1,000,000:   17s.  Last read position: KB743475.1:369,886
INFO	2016-01-23 08:10:31	AddOrReplaceReadGroups	Processed   676,000,000 records.  Elapsed time: 03:17:23s.  Time for last 1,000,000:   17s.  Last read position: KB743537.1:396,128
INFO	2016-01-23 08:10:48	AddOrReplaceReadGroups	Processed   677,000,000 records.  Elapsed time: 03:17:41s.  Time for last 1,000,000:   17s.  Last read position: KB743702.1:356,788
INFO	2016-01-23 08:11:06	AddOrReplaceReadGroups	Processed   678,000,000 records.  Elapsed time: 03:17:58s.  Time for last 1,000,000:   17s.  Last read position: KB743859.1:383,510
INFO	2016-01-23 08:11:24	AddOrReplaceReadGroups	Processed   679,000,000 records.  Elapsed time: 03:18:16s.  Time for last 1,000,000:   17s.  Last read position: KB744325.1:57,849
INFO	2016-01-23 08:11:42	AddOrReplaceReadGroups	Processed   680,000,000 records.  Elapsed time: 03:18:34s.  Time for last 1,000,000:   17s.  Last read position: KB743692.1:98,100
INFO	2016-01-23 08:12:00	AddOrReplaceReadGroups	Processed   681,000,000 records.  Elapsed time: 03:18:52s.  Time for last 1,000,000:   17s.  Last read position: KB743255.1:276,884
INFO	2016-01-23 08:12:17	AddOrReplaceReadGroups	Processed   682,000,000 records.  Elapsed time: 03:19:10s.  Time for last 1,000,000:   17s.  Last read position: KB744582.1:326,513
INFO	2016-01-23 08:12:35	AddOrReplaceReadGroups	Processed   683,000,000 records.  Elapsed time: 03:19:27s.  Time for last 1,000,000:   17s.  Last read position: KB744795.1:347,413
INFO	2016-01-23 08:12:53	AddOrReplaceReadGroups	Processed   684,000,000 records.  Elapsed time: 03:19:45s.  Time for last 1,000,000:   17s.  Last read position: KB744679.1:376,846
INFO	2016-01-23 08:13:10	AddOrReplaceReadGroups	Processed   685,000,000 records.  Elapsed time: 03:20:03s.  Time for last 1,000,000:   17s.  Last read position: KB744498.1:41,410
INFO	2016-01-23 08:13:28	AddOrReplaceReadGroups	Processed   686,000,000 records.  Elapsed time: 03:20:20s.  Time for last 1,000,000:   17s.  Last read position: KB742427.1:200,491
INFO	2016-01-23 08:13:46	AddOrReplaceReadGroups	Processed   687,000,000 records.  Elapsed time: 03:20:38s.  Time for last 1,000,000:   17s.  Last read position: KB742881.1:24,265
INFO	2016-01-23 08:14:04	AddOrReplaceReadGroups	Processed   688,000,000 records.  Elapsed time: 03:20:56s.  Time for last 1,000,000:   17s.  Last read position: KB743599.1:156,082
INFO	2016-01-23 08:14:21	AddOrReplaceReadGroups	Processed   689,000,000 records.  Elapsed time: 03:21:14s.  Time for last 1,000,000:   17s.  Last read position: KB744834.1:345,116
INFO	2016-01-23 08:14:39	AddOrReplaceReadGroups	Processed   690,000,000 records.  Elapsed time: 03:21:31s.  Time for last 1,000,000:   17s.  Last read position: KB742905.1:109,146
INFO	2016-01-23 08:14:57	AddOrReplaceReadGroups	Processed   691,000,000 records.  Elapsed time: 03:21:49s.  Time for last 1,000,000:   17s.  Last read position: KB743230.1:307,004
INFO	2016-01-23 08:15:15	AddOrReplaceReadGroups	Processed   692,000,000 records.  Elapsed time: 03:22:07s.  Time for last 1,000,000:   17s.  Last read position: KB743773.1:17,329
INFO	2016-01-23 08:15:32	AddOrReplaceReadGroups	Processed   693,000,000 records.  Elapsed time: 03:22:25s.  Time for last 1,000,000:   17s.  Last read position: KB745110.1:189,827
INFO	2016-01-23 08:15:50	AddOrReplaceReadGroups	Processed   694,000,000 records.  Elapsed time: 03:22:42s.  Time for last 1,000,000:   17s.  Last read position: KB743154.1:372,016
INFO	2016-01-23 08:16:08	AddOrReplaceReadGroups	Processed   695,000,000 records.  Elapsed time: 03:23:00s.  Time for last 1,000,000:   17s.  Last read position: KB743243.1:186,267
INFO	2016-01-23 08:16:25	AddOrReplaceReadGroups	Processed   696,000,000 records.  Elapsed time: 03:23:18s.  Time for last 1,000,000:   17s.  Last read position: KB743650.1:101,186
INFO	2016-01-23 08:16:43	AddOrReplaceReadGroups	Processed   697,000,000 records.  Elapsed time: 03:23:35s.  Time for last 1,000,000:   17s.  Last read position: KB743810.1:328,012
INFO	2016-01-23 08:17:01	AddOrReplaceReadGroups	Processed   698,000,000 records.  Elapsed time: 03:23:53s.  Time for last 1,000,000:   17s.  Last read position: KB744014.1:274,595
INFO	2016-01-23 08:17:19	AddOrReplaceReadGroups	Processed   699,000,000 records.  Elapsed time: 03:24:11s.  Time for last 1,000,000:   17s.  Last read position: KB744646.1:110,937
INFO	2016-01-23 08:17:36	AddOrReplaceReadGroups	Processed   700,000,000 records.  Elapsed time: 03:24:29s.  Time for last 1,000,000:   17s.  Last read position: KB743393.1:345,423
INFO	2016-01-23 08:17:54	AddOrReplaceReadGroups	Processed   701,000,000 records.  Elapsed time: 03:24:46s.  Time for last 1,000,000:   17s.  Last read position: KB742846.1:197,361
INFO	2016-01-23 08:18:12	AddOrReplaceReadGroups	Processed   702,000,000 records.  Elapsed time: 03:25:04s.  Time for last 1,000,000:   17s.  Last read position: KB743046.1:74,823
INFO	2016-01-23 08:18:30	AddOrReplaceReadGroups	Processed   703,000,000 records.  Elapsed time: 03:25:22s.  Time for last 1,000,000:   17s.  Last read position: KB742780.1:294,850
INFO	2016-01-23 08:18:47	AddOrReplaceReadGroups	Processed   704,000,000 records.  Elapsed time: 03:25:40s.  Time for last 1,000,000:   17s.  Last read position: KB820867.1:195,481
INFO	2016-01-23 08:19:05	AddOrReplaceReadGroups	Processed   705,000,000 records.  Elapsed time: 03:25:57s.  Time for last 1,000,000:   17s.  Last read position: KB743105.1:91,240
INFO	2016-01-23 08:19:23	AddOrReplaceReadGroups	Processed   706,000,000 records.  Elapsed time: 03:26:15s.  Time for last 1,000,000:   17s.  Last read position: KB743424.1:47,160
INFO	2016-01-23 08:19:41	AddOrReplaceReadGroups	Processed   707,000,000 records.  Elapsed time: 03:26:33s.  Time for last 1,000,000:   17s.  Last read position: KB743901.1:12,892
INFO	2016-01-23 08:19:58	AddOrReplaceReadGroups	Processed   708,000,000 records.  Elapsed time: 03:26:50s.  Time for last 1,000,000:   17s.  Last read position: KB745269.1:266,190
INFO	2016-01-23 08:20:16	AddOrReplaceReadGroups	Processed   709,000,000 records.  Elapsed time: 03:27:08s.  Time for last 1,000,000:   17s.  Last read position: KB743213.1:248,381
INFO	2016-01-23 08:20:33	AddOrReplaceReadGroups	Processed   710,000,000 records.  Elapsed time: 03:27:26s.  Time for last 1,000,000:   17s.  Last read position: KB743332.1:271,817
INFO	2016-01-23 08:20:51	AddOrReplaceReadGroups	Processed   711,000,000 records.  Elapsed time: 03:27:44s.  Time for last 1,000,000:   17s.  Last read position: KB742856.1:272,455
INFO	2016-01-23 08:21:09	AddOrReplaceReadGroups	Processed   712,000,000 records.  Elapsed time: 03:28:01s.  Time for last 1,000,000:   17s.  Last read position: KB743223.1:281,193
INFO	2016-01-23 08:21:26	AddOrReplaceReadGroups	Processed   713,000,000 records.  Elapsed time: 03:28:19s.  Time for last 1,000,000:   17s.  Last read position: KB743152.1:24,794
INFO	2016-01-23 08:21:44	AddOrReplaceReadGroups	Processed   714,000,000 records.  Elapsed time: 03:28:36s.  Time for last 1,000,000:   17s.  Last read position: KB744949.1:304,438
INFO	2016-01-23 08:22:02	AddOrReplaceReadGroups	Processed   715,000,000 records.  Elapsed time: 03:28:54s.  Time for last 1,000,000:   17s.  Last read position: KB742700.1:283,753
INFO	2016-01-23 08:22:19	AddOrReplaceReadGroups	Processed   716,000,000 records.  Elapsed time: 03:29:12s.  Time for last 1,000,000:   17s.  Last read position: KB742401.1:19,301
INFO	2016-01-23 08:22:37	AddOrReplaceReadGroups	Processed   717,000,000 records.  Elapsed time: 03:29:30s.  Time for last 1,000,000:   17s.  Last read position: KB743431.1:276,475
INFO	2016-01-23 08:22:55	AddOrReplaceReadGroups	Processed   718,000,000 records.  Elapsed time: 03:29:47s.  Time for last 1,000,000:   17s.  Last read position: KB743461.1:81,076
INFO	2016-01-23 08:23:13	AddOrReplaceReadGroups	Processed   719,000,000 records.  Elapsed time: 03:30:05s.  Time for last 1,000,000:   17s.  Last read position: KB743544.1:10,587
INFO	2016-01-23 08:23:30	AddOrReplaceReadGroups	Processed   720,000,000 records.  Elapsed time: 03:30:23s.  Time for last 1,000,000:   17s.  Last read position: KB742422.1:123,378
INFO	2016-01-23 08:23:48	AddOrReplaceReadGroups	Processed   721,000,000 records.  Elapsed time: 03:30:40s.  Time for last 1,000,000:   17s.  Last read position: KB743818.1:206,377
INFO	2016-01-23 08:24:06	AddOrReplaceReadGroups	Processed   722,000,000 records.  Elapsed time: 03:30:58s.  Time for last 1,000,000:   17s.  Last read position: KB745737.1:307,352
INFO	2016-01-23 08:24:24	AddOrReplaceReadGroups	Processed   723,000,000 records.  Elapsed time: 03:31:16s.  Time for last 1,000,000:   17s.  Last read position: KB744068.1:172,175
INFO	2016-01-23 08:24:42	AddOrReplaceReadGroups	Processed   724,000,000 records.  Elapsed time: 03:31:34s.  Time for last 1,000,000:   17s.  Last read position: KB743438.1:64,118
INFO	2016-01-23 08:24:59	AddOrReplaceReadGroups	Processed   725,000,000 records.  Elapsed time: 03:31:52s.  Time for last 1,000,000:   17s.  Last read position: KB747348.1:223,375
INFO	2016-01-23 08:25:17	AddOrReplaceReadGroups	Processed   726,000,000 records.  Elapsed time: 03:32:10s.  Time for last 1,000,000:   17s.  Last read position: KB743893.1:25,648
INFO	2016-01-23 08:25:35	AddOrReplaceReadGroups	Processed   727,000,000 records.  Elapsed time: 03:32:27s.  Time for last 1,000,000:   17s.  Last read position: KB742703.1:231,799
INFO	2016-01-23 08:25:53	AddOrReplaceReadGroups	Processed   728,000,000 records.  Elapsed time: 03:32:45s.  Time for last 1,000,000:   17s.  Last read position: KB742408.1:141,271
INFO	2016-01-23 08:26:11	AddOrReplaceReadGroups	Processed   729,000,000 records.  Elapsed time: 03:33:03s.  Time for last 1,000,000:   17s.  Last read position: KB743581.1:10,510
INFO	2016-01-23 08:26:28	AddOrReplaceReadGroups	Processed   730,000,000 records.  Elapsed time: 03:33:21s.  Time for last 1,000,000:   17s.  Last read position: KB742868.1:286,155
INFO	2016-01-23 08:26:46	AddOrReplaceReadGroups	Processed   731,000,000 records.  Elapsed time: 03:33:39s.  Time for last 1,000,000:   17s.  Last read position: KB743857.1:138,262
INFO	2016-01-23 08:27:04	AddOrReplaceReadGroups	Processed   732,000,000 records.  Elapsed time: 03:33:56s.  Time for last 1,000,000:   17s.  Last read position: KB744573.1:109,718
INFO	2016-01-23 08:27:22	AddOrReplaceReadGroups	Processed   733,000,000 records.  Elapsed time: 03:34:14s.  Time for last 1,000,000:   17s.  Last read position: KB743999.1:75,926
INFO	2016-01-23 08:27:40	AddOrReplaceReadGroups	Processed   734,000,000 records.  Elapsed time: 03:34:32s.  Time for last 1,000,000:   17s.  Last read position: KB744094.1:79,881
INFO	2016-01-23 08:27:57	AddOrReplaceReadGroups	Processed   735,000,000 records.  Elapsed time: 03:34:49s.  Time for last 1,000,000:   17s.  Last read position: KB744816.1:40,866
INFO	2016-01-23 08:28:15	AddOrReplaceReadGroups	Processed   736,000,000 records.  Elapsed time: 03:35:07s.  Time for last 1,000,000:   17s.  Last read position: KB742947.1:27,450
INFO	2016-01-23 08:28:33	AddOrReplaceReadGroups	Processed   737,000,000 records.  Elapsed time: 03:35:25s.  Time for last 1,000,000:   17s.  Last read position: KB745250.1:79,713
INFO	2016-01-23 08:28:51	AddOrReplaceReadGroups	Processed   738,000,000 records.  Elapsed time: 03:35:43s.  Time for last 1,000,000:   17s.  Last read position: KB744065.1:179,827
INFO	2016-01-23 08:29:08	AddOrReplaceReadGroups	Processed   739,000,000 records.  Elapsed time: 03:36:00s.  Time for last 1,000,000:   17s.  Last read position: KB745717.1:252,270
INFO	2016-01-23 08:29:26	AddOrReplaceReadGroups	Processed   740,000,000 records.  Elapsed time: 03:36:18s.  Time for last 1,000,000:   17s.  Last read position: KB743173.1:81,607
INFO	2016-01-23 08:29:43	AddOrReplaceReadGroups	Processed   741,000,000 records.  Elapsed time: 03:36:36s.  Time for last 1,000,000:   17s.  Last read position: KB744656.1:238,411
INFO	2016-01-23 08:30:01	AddOrReplaceReadGroups	Processed   742,000,000 records.  Elapsed time: 03:36:53s.  Time for last 1,000,000:   17s.  Last read position: KB744328.1:94,390
INFO	2016-01-23 08:30:19	AddOrReplaceReadGroups	Processed   743,000,000 records.  Elapsed time: 03:37:11s.  Time for last 1,000,000:   17s.  Last read position: KB743861.1:236,570
INFO	2016-01-23 08:30:37	AddOrReplaceReadGroups	Processed   744,000,000 records.  Elapsed time: 03:37:29s.  Time for last 1,000,000:   17s.  Last read position: KB744657.1:82,118
INFO	2016-01-23 08:30:54	AddOrReplaceReadGroups	Processed   745,000,000 records.  Elapsed time: 03:37:47s.  Time for last 1,000,000:   17s.  Last read position: KB744026.1:238,983
INFO	2016-01-23 08:31:12	AddOrReplaceReadGroups	Processed   746,000,000 records.  Elapsed time: 03:38:04s.  Time for last 1,000,000:   17s.  Last read position: KB742987.1:109,100
INFO	2016-01-23 08:31:30	AddOrReplaceReadGroups	Processed   747,000,000 records.  Elapsed time: 03:38:22s.  Time for last 1,000,000:   17s.  Last read position: KB746044.1:232,381
INFO	2016-01-23 08:31:47	AddOrReplaceReadGroups	Processed   748,000,000 records.  Elapsed time: 03:38:40s.  Time for last 1,000,000:   17s.  Last read position: KB744080.1:62,394
INFO	2016-01-23 08:32:05	AddOrReplaceReadGroups	Processed   749,000,000 records.  Elapsed time: 03:38:57s.  Time for last 1,000,000:   17s.  Last read position: KB742615.1:16,207
INFO	2016-01-23 08:32:23	AddOrReplaceReadGroups	Processed   750,000,000 records.  Elapsed time: 03:39:15s.  Time for last 1,000,000:   17s.  Last read position: KB743815.1:42,750
INFO	2016-01-23 08:32:40	AddOrReplaceReadGroups	Processed   751,000,000 records.  Elapsed time: 03:39:33s.  Time for last 1,000,000:   17s.  Last read position: KB743497.1:98,600
INFO	2016-01-23 08:32:58	AddOrReplaceReadGroups	Processed   752,000,000 records.  Elapsed time: 03:39:51s.  Time for last 1,000,000:   17s.  Last read position: KB742494.1:84,095
INFO	2016-01-23 08:33:16	AddOrReplaceReadGroups	Processed   753,000,000 records.  Elapsed time: 03:40:08s.  Time for last 1,000,000:   17s.  Last read position: KB744247.1:171,518
INFO	2016-01-23 08:33:33	AddOrReplaceReadGroups	Processed   754,000,000 records.  Elapsed time: 03:40:26s.  Time for last 1,000,000:   17s.  Last read position: KB745531.1:195,120
INFO	2016-01-23 08:33:51	AddOrReplaceReadGroups	Processed   755,000,000 records.  Elapsed time: 03:40:43s.  Time for last 1,000,000:   17s.  Last read position: KB742942.1:189,695
INFO	2016-01-23 08:34:09	AddOrReplaceReadGroups	Processed   756,000,000 records.  Elapsed time: 03:41:01s.  Time for last 1,000,000:   17s.  Last read position: KB744596.1:201,367
INFO	2016-01-23 08:34:26	AddOrReplaceReadGroups	Processed   757,000,000 records.  Elapsed time: 03:41:19s.  Time for last 1,000,000:   17s.  Last read position: KB745380.1:105,898
INFO	2016-01-23 08:34:44	AddOrReplaceReadGroups	Processed   758,000,000 records.  Elapsed time: 03:41:36s.  Time for last 1,000,000:   17s.  Last read position: KB743786.1:8,905
INFO	2016-01-23 08:35:02	AddOrReplaceReadGroups	Processed   759,000,000 records.  Elapsed time: 03:41:54s.  Time for last 1,000,000:   17s.  Last read position: KB743329.1:144,225
INFO	2016-01-23 08:35:20	AddOrReplaceReadGroups	Processed   760,000,000 records.  Elapsed time: 03:42:12s.  Time for last 1,000,000:   17s.  Last read position: KB746217.1:122,172
INFO	2016-01-23 08:35:37	AddOrReplaceReadGroups	Processed   761,000,000 records.  Elapsed time: 03:42:30s.  Time for last 1,000,000:   17s.  Last read position: KB743630.1:86,902
INFO	2016-01-23 08:35:55	AddOrReplaceReadGroups	Processed   762,000,000 records.  Elapsed time: 03:42:47s.  Time for last 1,000,000:   17s.  Last read position: KB745003.1:69,062
INFO	2016-01-23 08:36:13	AddOrReplaceReadGroups	Processed   763,000,000 records.  Elapsed time: 03:43:05s.  Time for last 1,000,000:   17s.  Last read position: KB743091.1:152,310
INFO	2016-01-23 08:36:31	AddOrReplaceReadGroups	Processed   764,000,000 records.  Elapsed time: 03:43:23s.  Time for last 1,000,000:   17s.  Last read position: KB743588.1:7,056
INFO	2016-01-23 08:36:49	AddOrReplaceReadGroups	Processed   765,000,000 records.  Elapsed time: 03:43:41s.  Time for last 1,000,000:   17s.  Last read position: KB745030.1:126,458
INFO	2016-01-23 08:37:07	AddOrReplaceReadGroups	Processed   766,000,000 records.  Elapsed time: 03:43:59s.  Time for last 1,000,000:   17s.  Last read position: KB742927.1:117,609
INFO	2016-01-23 08:37:24	AddOrReplaceReadGroups	Processed   767,000,000 records.  Elapsed time: 03:44:17s.  Time for last 1,000,000:   17s.  Last read position: KB743925.1:120,050
INFO	2016-01-23 08:37:42	AddOrReplaceReadGroups	Processed   768,000,000 records.  Elapsed time: 03:44:34s.  Time for last 1,000,000:   17s.  Last read position: KB742885.1:178,802
INFO	2016-01-23 08:37:59	AddOrReplaceReadGroups	Processed   769,000,000 records.  Elapsed time: 03:44:52s.  Time for last 1,000,000:   17s.  Last read position: KB744681.1:46,180
INFO	2016-01-23 08:38:17	AddOrReplaceReadGroups	Processed   770,000,000 records.  Elapsed time: 03:45:09s.  Time for last 1,000,000:   17s.  Last read position: KB743225.1:93,549
INFO	2016-01-23 08:38:35	AddOrReplaceReadGroups	Processed   771,000,000 records.  Elapsed time: 03:45:27s.  Time for last 1,000,000:   17s.  Last read position: KB744444.1:10,094
INFO	2016-01-23 08:38:53	AddOrReplaceReadGroups	Processed   772,000,000 records.  Elapsed time: 03:45:45s.  Time for last 1,000,000:   17s.  Last read position: KB747070.1:103,772
INFO	2016-01-23 08:39:11	AddOrReplaceReadGroups	Processed   773,000,000 records.  Elapsed time: 03:46:03s.  Time for last 1,000,000:   17s.  Last read position: KB744494.1:161,831
INFO	2016-01-23 08:39:28	AddOrReplaceReadGroups	Processed   774,000,000 records.  Elapsed time: 03:46:21s.  Time for last 1,000,000:   17s.  Last read position: KB743191.1:129,934
INFO	2016-01-23 08:39:46	AddOrReplaceReadGroups	Processed   775,000,000 records.  Elapsed time: 03:46:38s.  Time for last 1,000,000:   17s.  Last read position: KB744937.1:119,740
INFO	2016-01-23 08:40:04	AddOrReplaceReadGroups	Processed   776,000,000 records.  Elapsed time: 03:46:56s.  Time for last 1,000,000:   17s.  Last read position: KB743222.1:5,956
INFO	2016-01-23 08:40:22	AddOrReplaceReadGroups	Processed   777,000,000 records.  Elapsed time: 03:47:14s.  Time for last 1,000,000:   17s.  Last read position: KB743408.1:69,004
INFO	2016-01-23 08:40:40	AddOrReplaceReadGroups	Processed   778,000,000 records.  Elapsed time: 03:47:32s.  Time for last 1,000,000:   17s.  Last read position: KB744421.1:91,376
INFO	2016-01-23 08:40:57	AddOrReplaceReadGroups	Processed   779,000,000 records.  Elapsed time: 03:47:50s.  Time for last 1,000,000:   17s.  Last read position: KB744197.1:52,729
INFO	2016-01-23 08:41:15	AddOrReplaceReadGroups	Processed   780,000,000 records.  Elapsed time: 03:48:07s.  Time for last 1,000,000:   17s.  Last read position: KB743611.1:69,053
INFO	2016-01-23 08:41:33	AddOrReplaceReadGroups	Processed   781,000,000 records.  Elapsed time: 03:48:25s.  Time for last 1,000,000:   17s.  Last read position: KB743479.1:33,348
INFO	2016-01-23 08:41:50	AddOrReplaceReadGroups	Processed   782,000,000 records.  Elapsed time: 03:48:43s.  Time for last 1,000,000:   17s.  Last read position: KB742886.1:63,496
INFO	2016-01-23 08:42:08	AddOrReplaceReadGroups	Processed   783,000,000 records.  Elapsed time: 03:49:00s.  Time for last 1,000,000:   17s.  Last read position: KB744608.1:108,900
INFO	2016-01-23 08:42:26	AddOrReplaceReadGroups	Processed   784,000,000 records.  Elapsed time: 03:49:18s.  Time for last 1,000,000:   17s.  Last read position: KB742533.1:15,347
INFO	2016-01-23 08:42:43	AddOrReplaceReadGroups	Processed   785,000,000 records.  Elapsed time: 03:49:36s.  Time for last 1,000,000:   17s.  Last read position: KB742859.1:91,350
INFO	2016-01-23 08:43:01	AddOrReplaceReadGroups	Processed   786,000,000 records.  Elapsed time: 03:49:54s.  Time for last 1,000,000:   17s.  Last read position: KB743624.1:57,453
INFO	2016-01-23 08:43:19	AddOrReplaceReadGroups	Processed   787,000,000 records.  Elapsed time: 03:50:11s.  Time for last 1,000,000:   17s.  Last read position: KB744297.1:21,189
INFO	2016-01-23 08:43:36	AddOrReplaceReadGroups	Processed   788,000,000 records.  Elapsed time: 03:50:29s.  Time for last 1,000,000:   17s.  Last read position: KB743303.1:114,675
INFO	2016-01-23 08:43:54	AddOrReplaceReadGroups	Processed   789,000,000 records.  Elapsed time: 03:50:47s.  Time for last 1,000,000:   17s.  Last read position: KB742732.1:103,142
INFO	2016-01-23 08:44:12	AddOrReplaceReadGroups	Processed   790,000,000 records.  Elapsed time: 03:51:04s.  Time for last 1,000,000:   17s.  Last read position: KB743800.1:85,464
INFO	2016-01-23 08:44:30	AddOrReplaceReadGroups	Processed   791,000,000 records.  Elapsed time: 03:51:22s.  Time for last 1,000,000:   17s.  Last read position: KB742874.1:92,755
INFO	2016-01-23 08:44:47	AddOrReplaceReadGroups	Processed   792,000,000 records.  Elapsed time: 03:51:40s.  Time for last 1,000,000:   17s.  Last read position: KB743939.1:68,452
INFO	2016-01-23 08:45:05	AddOrReplaceReadGroups	Processed   793,000,000 records.  Elapsed time: 03:51:57s.  Time for last 1,000,000:   17s.  Last read position: KB747245.1:59,080
INFO	2016-01-23 08:45:23	AddOrReplaceReadGroups	Processed   794,000,000 records.  Elapsed time: 03:52:15s.  Time for last 1,000,000:   17s.  Last read position: KB747859.1:41,768
INFO	2016-01-23 08:45:40	AddOrReplaceReadGroups	Processed   795,000,000 records.  Elapsed time: 03:52:33s.  Time for last 1,000,000:   17s.  Last read position: KB743643.1:70,156
INFO	2016-01-23 08:45:58	AddOrReplaceReadGroups	Processed   796,000,000 records.  Elapsed time: 03:52:51s.  Time for last 1,000,000:   17s.  Last read position: KB743064.1:58,219
INFO	2016-01-23 08:46:16	AddOrReplaceReadGroups	Processed   797,000,000 records.  Elapsed time: 03:53:08s.  Time for last 1,000,000:   17s.  Last read position: KB743128.1:63,692
INFO	2016-01-23 08:46:34	AddOrReplaceReadGroups	Processed   798,000,000 records.  Elapsed time: 03:53:26s.  Time for last 1,000,000:   17s.  Last read position: KB744902.1:12,077
INFO	2016-01-23 08:46:51	AddOrReplaceReadGroups	Processed   799,000,000 records.  Elapsed time: 03:53:44s.  Time for last 1,000,000:   17s.  Last read position: KB745136.1:41,853
INFO	2016-01-23 08:47:09	AddOrReplaceReadGroups	Processed   800,000,000 records.  Elapsed time: 03:54:02s.  Time for last 1,000,000:   17s.  Last read position: KB744625.1:69,846
INFO	2016-01-23 08:47:27	AddOrReplaceReadGroups	Processed   801,000,000 records.  Elapsed time: 03:54:19s.  Time for last 1,000,000:   17s.  Last read position: KB746556.1:22,308
INFO	2016-01-23 08:47:42	AddOrReplaceReadGroups	Processed   802,000,000 records.  Elapsed time: 03:54:35s.  Time for last 1,000,000:   15s.  Last read position: KB745829.1:22,644
INFO	2016-01-23 08:47:58	AddOrReplaceReadGroups	Processed   803,000,000 records.  Elapsed time: 03:54:50s.  Time for last 1,000,000:   15s.  Last read position: KB745829.1:22,796
INFO	2016-01-23 08:48:14	AddOrReplaceReadGroups	Processed   804,000,000 records.  Elapsed time: 03:55:06s.  Time for last 1,000,000:   16s.  Last read position: KB745822.1:25,197
INFO	2016-01-23 08:48:32	AddOrReplaceReadGroups	Processed   805,000,000 records.  Elapsed time: 03:55:24s.  Time for last 1,000,000:   17s.  Last read position: KB747860.1:32,355
INFO	2016-01-23 08:48:49	AddOrReplaceReadGroups	Processed   806,000,000 records.  Elapsed time: 03:55:42s.  Time for last 1,000,000:   17s.  Last read position: KB745656.1:48,315
INFO	2016-01-23 08:49:07	AddOrReplaceReadGroups	Processed   807,000,000 records.  Elapsed time: 03:55:59s.  Time for last 1,000,000:   17s.  Last read position: KB743717.1:31,024
INFO	2016-01-23 08:49:25	AddOrReplaceReadGroups	Processed   808,000,000 records.  Elapsed time: 03:56:17s.  Time for last 1,000,000:   17s.  Last read position: KB742415.1:30,033
INFO	2016-01-23 08:49:42	AddOrReplaceReadGroups	Processed   809,000,000 records.  Elapsed time: 03:56:35s.  Time for last 1,000,000:   17s.  Last read position: KB744884.1:35,016
INFO	2016-01-23 08:50:00	AddOrReplaceReadGroups	Processed   810,000,000 records.  Elapsed time: 03:56:52s.  Time for last 1,000,000:   17s.  Last read position: KB747029.1:11,188
INFO	2016-01-23 08:50:18	AddOrReplaceReadGroups	Processed   811,000,000 records.  Elapsed time: 03:57:10s.  Time for last 1,000,000:   17s.  Last read position: KB746264.1:33,558
INFO	2016-01-23 08:50:35	AddOrReplaceReadGroups	Processed   812,000,000 records.  Elapsed time: 03:57:28s.  Time for last 1,000,000:   17s.  Last read position: KB745888.1:2,309
INFO	2016-01-23 08:50:53	AddOrReplaceReadGroups	Processed   813,000,000 records.  Elapsed time: 03:57:45s.  Time for last 1,000,000:   17s.  Last read position: KB743029.1:11,882
INFO	2016-01-23 08:51:11	AddOrReplaceReadGroups	Processed   814,000,000 records.  Elapsed time: 03:58:03s.  Time for last 1,000,000:   17s.  Last read position: KB745460.1:20,857
INFO	2016-01-23 08:51:28	AddOrReplaceReadGroups	Processed   815,000,000 records.  Elapsed time: 03:58:20s.  Time for last 1,000,000:   16s.  Last read position: KB754400.1:18,097
INFO	2016-01-23 08:51:45	AddOrReplaceReadGroups	Processed   816,000,000 records.  Elapsed time: 03:58:37s.  Time for last 1,000,000:   17s.  Last read position: KB744838.1:12,317
INFO	2016-01-23 08:52:02	AddOrReplaceReadGroups	Processed   817,000,000 records.  Elapsed time: 03:58:55s.  Time for last 1,000,000:   17s.  Last read position: KB746560.1:6,578
INFO	2016-01-23 08:52:20	AddOrReplaceReadGroups	Processed   818,000,000 records.  Elapsed time: 03:59:12s.  Time for last 1,000,000:   17s.  Last read position: KB746754.1:189
INFO	2016-01-23 08:52:37	AddOrReplaceReadGroups	Processed   819,000,000 records.  Elapsed time: 03:59:30s.  Time for last 1,000,000:   17s.  Last read position: KB820806.1:2,261
INFO	2016-01-23 08:52:55	AddOrReplaceReadGroups	Processed   820,000,000 records.  Elapsed time: 03:59:47s.  Time for last 1,000,000:   17s.  Last read position: KB820498.1:80
INFO	2016-01-23 08:53:12	AddOrReplaceReadGroups	Processed   821,000,000 records.  Elapsed time: 04:00:04s.  Time for last 1,000,000:   17s.  Last read position: KB743386.1:1,094
INFO	2016-01-23 08:53:29	AddOrReplaceReadGroups	Processed   822,000,000 records.  Elapsed time: 04:00:21s.  Time for last 1,000,000:   16s.  Last read position: KB819120.1:66
INFO	2016-01-23 08:53:46	AddOrReplaceReadGroups	Processed   823,000,000 records.  Elapsed time: 04:00:38s.  Time for last 1,000,000:   16s.  Last read position: KB818185.1:611
INFO	2016-01-23 08:54:03	AddOrReplaceReadGroups	Processed   824,000,000 records.  Elapsed time: 04:00:55s.  Time for last 1,000,000:   17s.  Last read position: KB816912.1:103
INFO	2016-01-23 08:54:20	AddOrReplaceReadGroups	Processed   825,000,000 records.  Elapsed time: 04:01:12s.  Time for last 1,000,000:   17s.  Last read position: KB815522.1:491
INFO	2016-01-23 08:54:37	AddOrReplaceReadGroups	Processed   826,000,000 records.  Elapsed time: 04:01:29s.  Time for last 1,000,000:   17s.  Last read position: KB756075.1:115
INFO	2016-01-23 08:54:54	AddOrReplaceReadGroups	Processed   827,000,000 records.  Elapsed time: 04:01:46s.  Time for last 1,000,000:   16s.  Last read position: KB811940.1:126
INFO	2016-01-23 08:55:11	AddOrReplaceReadGroups	Processed   828,000,000 records.  Elapsed time: 04:02:03s.  Time for last 1,000,000:   16s.  Last read position: KB809978.1:186
INFO	2016-01-23 08:55:27	AddOrReplaceReadGroups	Processed   829,000,000 records.  Elapsed time: 04:02:20s.  Time for last 1,000,000:   16s.  Last read position: KB807651.1:270
INFO	2016-01-23 08:55:44	AddOrReplaceReadGroups	Processed   830,000,000 records.  Elapsed time: 04:02:36s.  Time for last 1,000,000:   16s.  Last read position: KB805235.1:214
INFO	2016-01-23 08:56:00	AddOrReplaceReadGroups	Processed   831,000,000 records.  Elapsed time: 04:02:52s.  Time for last 1,000,000:   16s.  Last read position: KB803039.1:113
INFO	2016-01-23 08:56:16	AddOrReplaceReadGroups	Processed   832,000,000 records.  Elapsed time: 04:03:08s.  Time for last 1,000,000:   15s.  Last read position: KB800526.1:94
INFO	2016-01-23 08:56:32	AddOrReplaceReadGroups	Processed   833,000,000 records.  Elapsed time: 04:03:24s.  Time for last 1,000,000:   15s.  Last read position: KB753183.1:113
INFO	2016-01-23 08:56:48	AddOrReplaceReadGroups	Processed   834,000,000 records.  Elapsed time: 04:03:40s.  Time for last 1,000,000:   16s.  Last read position: KB794794.1:118
INFO	2016-01-23 08:57:03	AddOrReplaceReadGroups	Processed   835,000,000 records.  Elapsed time: 04:03:56s.  Time for last 1,000,000:   15s.  Last read position: KB791173.1:1
INFO	2016-01-23 08:57:19	AddOrReplaceReadGroups	Processed   836,000,000 records.  Elapsed time: 04:04:12s.  Time for last 1,000,000:   15s.  Last read position: KB786114.1:2
INFO	2016-01-23 08:57:35	AddOrReplaceReadGroups	Processed   837,000,000 records.  Elapsed time: 04:04:28s.  Time for last 1,000,000:   16s.  Last read position: KB776993.1:20
INFO	2016-01-23 08:57:52	AddOrReplaceReadGroups	Processed   838,000,000 records.  Elapsed time: 04:04:44s.  Time for last 1,000,000:   16s.  Last read position: KB762135.1:19
INFO	2016-01-23 08:58:08	AddOrReplaceReadGroups	Processed   839,000,000 records.  Elapsed time: 04:05:00s.  Time for last 1,000,000:   16s.  Last read position: */*
INFO	2016-01-23 08:58:24	AddOrReplaceReadGroups	Processed   840,000,000 records.  Elapsed time: 04:05:17s.  Time for last 1,000,000:   16s.  Last read position: */*
INFO	2016-01-23 08:58:41	AddOrReplaceReadGroups	Processed   841,000,000 records.  Elapsed time: 04:05:33s.  Time for last 1,000,000:   16s.  Last read position: */*
INFO	2016-01-23 08:58:57	AddOrReplaceReadGroups	Processed   842,000,000 records.  Elapsed time: 04:05:49s.  Time for last 1,000,000:   16s.  Last read position: */*
INFO	2016-01-23 08:59:13	AddOrReplaceReadGroups	Processed   843,000,000 records.  Elapsed time: 04:06:06s.  Time for last 1,000,000:   16s.  Last read position: */*
INFO	2016-01-23 08:59:30	AddOrReplaceReadGroups	Processed   844,000,000 records.  Elapsed time: 04:06:22s.  Time for last 1,000,000:   16s.  Last read position: */*
INFO	2016-01-23 08:59:46	AddOrReplaceReadGroups	Processed   845,000,000 records.  Elapsed time: 04:06:38s.  Time for last 1,000,000:   16s.  Last read position: */*
INFO	2016-01-23 09:00:03	AddOrReplaceReadGroups	Processed   846,000,000 records.  Elapsed time: 04:06:55s.  Time for last 1,000,000:   16s.  Last read position: */*
INFO	2016-01-23 09:00:19	AddOrReplaceReadGroups	Processed   847,000,000 records.  Elapsed time: 04:07:11s.  Time for last 1,000,000:   16s.  Last read position: */*
INFO	2016-01-23 09:00:35	AddOrReplaceReadGroups	Processed   848,000,000 records.  Elapsed time: 04:07:27s.  Time for last 1,000,000:   16s.  Last read position: */*
INFO	2016-01-23 09:00:51	AddOrReplaceReadGroups	Processed   849,000,000 records.  Elapsed time: 04:07:44s.  Time for last 1,000,000:   16s.  Last read position: */*
INFO	2016-01-23 09:01:08	AddOrReplaceReadGroups	Processed   850,000,000 records.  Elapsed time: 04:08:00s.  Time for last 1,000,000:   16s.  Last read position: */*
INFO	2016-01-23 09:01:24	AddOrReplaceReadGroups	Processed   851,000,000 records.  Elapsed time: 04:08:16s.  Time for last 1,000,000:   16s.  Last read position: */*
INFO	2016-01-23 09:01:40	AddOrReplaceReadGroups	Processed   852,000,000 records.  Elapsed time: 04:08:33s.  Time for last 1,000,000:   16s.  Last read position: */*
INFO	2016-01-23 09:01:57	AddOrReplaceReadGroups	Processed   853,000,000 records.  Elapsed time: 04:08:49s.  Time for last 1,000,000:   16s.  Last read position: */*
INFO	2016-01-23 09:02:13	AddOrReplaceReadGroups	Processed   854,000,000 records.  Elapsed time: 04:09:05s.  Time for last 1,000,000:   16s.  Last read position: */*
INFO	2016-01-23 09:02:29	AddOrReplaceReadGroups	Processed   855,000,000 records.  Elapsed time: 04:09:22s.  Time for last 1,000,000:   16s.  Last read position: */*
INFO	2016-01-23 09:02:45	AddOrReplaceReadGroups	Processed   856,000,000 records.  Elapsed time: 04:09:38s.  Time for last 1,000,000:   16s.  Last read position: */*
INFO	2016-01-23 09:03:01	AddOrReplaceReadGroups	Processed   857,000,000 records.  Elapsed time: 04:09:54s.  Time for last 1,000,000:   15s.  Last read position: */*
INFO	2016-01-23 09:03:17	AddOrReplaceReadGroups	Processed   858,000,000 records.  Elapsed time: 04:10:10s.  Time for last 1,000,000:   15s.  Last read position: */*
INFO	2016-01-23 09:03:33	AddOrReplaceReadGroups	Processed   859,000,000 records.  Elapsed time: 04:10:26s.  Time for last 1,000,000:   15s.  Last read position: */*
INFO	2016-01-23 09:03:49	AddOrReplaceReadGroups	Processed   860,000,000 records.  Elapsed time: 04:10:42s.  Time for last 1,000,000:   15s.  Last read position: */*
INFO	2016-01-23 09:04:05	AddOrReplaceReadGroups	Processed   861,000,000 records.  Elapsed time: 04:10:58s.  Time for last 1,000,000:   15s.  Last read position: */*
INFO	2016-01-23 09:04:21	AddOrReplaceReadGroups	Processed   862,000,000 records.  Elapsed time: 04:11:14s.  Time for last 1,000,000:   15s.  Last read position: */*
INFO	2016-01-23 09:04:37	AddOrReplaceReadGroups	Processed   863,000,000 records.  Elapsed time: 04:11:30s.  Time for last 1,000,000:   15s.  Last read position: */*
INFO	2016-01-23 09:04:53	AddOrReplaceReadGroups	Processed   864,000,000 records.  Elapsed time: 04:11:46s.  Time for last 1,000,000:   16s.  Last read position: */*
INFO	2016-01-23 09:05:09	AddOrReplaceReadGroups	Processed   865,000,000 records.  Elapsed time: 04:12:02s.  Time for last 1,000,000:   15s.  Last read position: */*
INFO	2016-01-23 09:05:25	AddOrReplaceReadGroups	Processed   866,000,000 records.  Elapsed time: 04:12:18s.  Time for last 1,000,000:   16s.  Last read position: */*
INFO	2016-01-23 09:05:41	AddOrReplaceReadGroups	Processed   867,000,000 records.  Elapsed time: 04:12:34s.  Time for last 1,000,000:   16s.  Last read position: */*
INFO	2016-01-23 09:05:57	AddOrReplaceReadGroups	Processed   868,000,000 records.  Elapsed time: 04:12:50s.  Time for last 1,000,000:   16s.  Last read position: */*
INFO	2016-01-23 09:06:13	AddOrReplaceReadGroups	Processed   869,000,000 records.  Elapsed time: 04:13:06s.  Time for last 1,000,000:   16s.  Last read position: */*
INFO	2016-01-23 09:06:29	AddOrReplaceReadGroups	Processed   870,000,000 records.  Elapsed time: 04:13:22s.  Time for last 1,000,000:   15s.  Last read position: */*
INFO	2016-01-23 09:06:45	AddOrReplaceReadGroups	Processed   871,000,000 records.  Elapsed time: 04:13:38s.  Time for last 1,000,000:   16s.  Last read position: */*
INFO	2016-01-23 09:07:01	AddOrReplaceReadGroups	Processed   872,000,000 records.  Elapsed time: 04:13:54s.  Time for last 1,000,000:   15s.  Last read position: */*
INFO	2016-01-23 09:07:17	AddOrReplaceReadGroups	Processed   873,000,000 records.  Elapsed time: 04:14:10s.  Time for last 1,000,000:   16s.  Last read position: */*
INFO	2016-01-23 09:07:33	AddOrReplaceReadGroups	Processed   874,000,000 records.  Elapsed time: 04:14:26s.  Time for last 1,000,000:   16s.  Last read position: */*
INFO	2016-01-23 09:07:49	AddOrReplaceReadGroups	Processed   875,000,000 records.  Elapsed time: 04:14:42s.  Time for last 1,000,000:   15s.  Last read position: */*
INFO	2016-01-23 09:08:05	AddOrReplaceReadGroups	Processed   876,000,000 records.  Elapsed time: 04:14:58s.  Time for last 1,000,000:   15s.  Last read position: */*
INFO	2016-01-23 09:08:21	AddOrReplaceReadGroups	Processed   877,000,000 records.  Elapsed time: 04:15:13s.  Time for last 1,000,000:   15s.  Last read position: */*
INFO	2016-01-23 09:08:37	AddOrReplaceReadGroups	Processed   878,000,000 records.  Elapsed time: 04:15:29s.  Time for last 1,000,000:   15s.  Last read position: */*
INFO	2016-01-23 09:08:53	AddOrReplaceReadGroups	Processed   879,000,000 records.  Elapsed time: 04:15:45s.  Time for last 1,000,000:   15s.  Last read position: */*
INFO	2016-01-23 09:09:08	AddOrReplaceReadGroups	Processed   880,000,000 records.  Elapsed time: 04:16:01s.  Time for last 1,000,000:   15s.  Last read position: */*
INFO	2016-01-23 09:09:24	AddOrReplaceReadGroups	Processed   881,000,000 records.  Elapsed time: 04:16:17s.  Time for last 1,000,000:   15s.  Last read position: */*
INFO	2016-01-23 09:09:40	AddOrReplaceReadGroups	Processed   882,000,000 records.  Elapsed time: 04:16:33s.  Time for last 1,000,000:   15s.  Last read position: */*
INFO	2016-01-23 09:09:56	AddOrReplaceReadGroups	Processed   883,000,000 records.  Elapsed time: 04:16:48s.  Time for last 1,000,000:   15s.  Last read position: */*
INFO	2016-01-23 09:10:12	AddOrReplaceReadGroups	Processed   884,000,000 records.  Elapsed time: 04:17:04s.  Time for last 1,000,000:   15s.  Last read position: */*
INFO	2016-01-23 09:10:28	AddOrReplaceReadGroups	Processed   885,000,000 records.  Elapsed time: 04:17:20s.  Time for last 1,000,000:   15s.  Last read position: */*
INFO	2016-01-23 09:10:44	AddOrReplaceReadGroups	Processed   886,000,000 records.  Elapsed time: 04:17:36s.  Time for last 1,000,000:   15s.  Last read position: */*
INFO	2016-01-23 09:11:00	AddOrReplaceReadGroups	Processed   887,000,000 records.  Elapsed time: 04:17:52s.  Time for last 1,000,000:   15s.  Last read position: */*
INFO	2016-01-23 09:11:15	AddOrReplaceReadGroups	Processed   888,000,000 records.  Elapsed time: 04:18:08s.  Time for last 1,000,000:   15s.  Last read position: */*
INFO	2016-01-23 09:11:31	AddOrReplaceReadGroups	Processed   889,000,000 records.  Elapsed time: 04:18:24s.  Time for last 1,000,000:   15s.  Last read position: */*
INFO	2016-01-23 09:11:47	AddOrReplaceReadGroups	Processed   890,000,000 records.  Elapsed time: 04:18:40s.  Time for last 1,000,000:   15s.  Last read position: */*
INFO	2016-01-23 09:12:03	AddOrReplaceReadGroups	Processed   891,000,000 records.  Elapsed time: 04:18:55s.  Time for last 1,000,000:   15s.  Last read position: */*
INFO	2016-01-23 09:12:19	AddOrReplaceReadGroups	Processed   892,000,000 records.  Elapsed time: 04:19:11s.  Time for last 1,000,000:   15s.  Last read position: */*
[Sat Jan 23 09:12:29 EST 2016] picard.sam.AddOrReplaceReadGroups done. Elapsed time: 259.39 minutes.
Runtime.totalMemory()=1666711552
[Sat Jan 23 09:12:29 EST 2016] picard.sam.BuildBamIndex INPUT=/home/liurui/data/bamfiles/shaoxingqingkeegg/shaoxingpool27.dedup.realigned.mergesorted.uniqmap.regroupintoone.bam    VERBOSITY=INFO QUIET=false VALIDATION_STRINGENCY=STRICT COMPRESSION_LEVEL=5 MAX_RECORDS_IN_RAM=500000 CREATE_INDEX=false CREATE_MD5_FILE=false
OpenJDK 64-Bit Server VM warning: You have loaded library /home/liurui/software/picard-tools-1.119/libIntelDeflater.so which might have disabled stack guard. The VM will try to fix the stack guard now.
It's highly recommended that you fix the library with 'execstack -c <libfile>', or link it with '-z noexecstack'.
[Sat Jan 23 09:12:29 EST 2016] Executing as liurui@localhost.localdomain on Linux 3.10.0-123.el7.x86_64 amd64; OpenJDK 64-Bit Server VM 1.7.0_51-mockbuild_2014_06_09_19_19-b00; Picard version: 1.119(d44cdb51745f5e8075c826430a39d8a61f1dd832_1408991805) IntelDeflater
INFO	2016-01-23 09:53:15	BuildBamIndex	Successfully wrote bam index file /home/liurui/data/bamfiles/shaoxingqingkeegg/shaoxingpool27.dedup.realigned.mergesorted.uniqmap.regroupintoone.bai
[Sat Jan 23 09:53:15 EST 2016] picard.sam.BuildBamIndex done. Elapsed time: 40.77 minutes.
Runtime.totalMemory()=2294808576
